Camp,–õ–∏–¥,–ö–æ–ª–∏–¥,LNT,–ï—Å—Ç—å –æ–ø–∏—Å–∞–Ω–∏–µ,–û–ø–∏—Å–∞–Ω–∏–µ,–†–∞—Å–ø–∏—Å–∞–Ω–∏–µ,–°—Å—ã–ª–∫–∞
–û—Ä–≥–∞–Ω–∏–∑–∞—Ç–æ—Ä—ã,@khvimka,@snail_mail,@pavel feklov,,,,
–°—Ç—Ä–æ–π–∫–∞,@khvimka,@nikomattews,@pavel feklov,,,,
,,,,,,,
–ó–µ–Ω–¥–æ,@nikomattews,@Vsemktosnami,@rawnest,–î–∞,"üåÄ Zendo @ Tramontana'25

Zendo ‚Äì —ç—Ç–æ –¥–µ–ø–∞—Ä—Ç–∞–º–µ–Ω—Ç, –≥–¥–µ –∫–∞–∂–¥—ã–π —É—á–∞—Å—Ç–Ω–∏–∫ –í–µ—Ç–µ—Ä–∫–∞ –º–æ–∂–µ—Ç –ø–æ–ª—É—á–∏—Ç—å –ø–æ–¥–¥–µ—Ä–∂–∫—É –≤ –∏–∑–º–µ–Ω–µ–Ω–Ω—ã—Ö —Å–æ—Å—Ç–æ—è–Ω–∏—è—Ö, –ø—Ä–∏—Å—É—Ç—Å—Ç–≤–∏–µ —Ä—è–¥–æ–º, –∫–æ–º—Ñ–æ—Ä—Ç–Ω–æ–µ –∏ –±–µ–∑–æ–ø–∞—Å–Ω–æ–µ –ø—Ä–æ—Å—Ç—Ä–∞–Ω—Å—Ç–≤–æ.

–í Zendo –º–æ–∂–Ω–æ –ø–æ–ª—É—á–∏—Ç—å –Ω–µ–∫–ª–∏–Ω–∏—á–µ—Å–∫—É—é, –±–µ—Ä–µ–∂–Ω—É—é –ø–æ–¥–¥–µ—Ä–∂–∫—É –≤–æ –≤—Ä–µ–º—è —Å–ª–æ–∂–Ω–æ–≥–æ —ç–º–æ—Ü–∏–æ–Ω–∞–ª—å–Ω–æ–≥–æ –∏–ª–∏ –ø—Å–∏—Ö–æ–¥–µ–ª–∏—á–µ—Å–∫–æ–≥–æ –æ–ø—ã—Ç–∞. 
–ú—ã –Ω–µ –ª–µ—á–∏–º, –Ω–µ –∏—Å–ø—Ä–∞–≤–ª—è–µ–º –∏ –Ω–µ –≤–º–µ—à–∏–≤–∞–µ–º—Å—è. 
–ú—ã –Ω–∞—Ö–æ–¥–∏–º—Å—è —Ä—è–¥–æ–º, —á—Ç–æ–±—ã –±—ã—Ç—å —Å —Ç–æ–±–æ–π –≤ —Ç–æ–º, —á—Ç–æ —Ç—ã –ø—Ä–æ–∂–∏–≤–∞–µ—à—å.

–ö–æ–≥–¥–∞ —Å—Ç–æ–∏—Ç –ø—Ä–∏–π—Ç–∏ –≤ Zendo:
‚Äì –µ—Å–ª–∏ —Ç–µ–±–µ —Ç—è–∂–µ–ª–æ, —Ç—Ä–µ–≤–æ–∂–Ω–æ, –ø–µ—Ä–µ–≥—Ä—É–∑
‚Äì –µ—Å–ª–∏ —Ç—ã –≤ —Ç—Ä–∏–ø–µ –∏ —á—É–≤—Å—Ç–≤—É–µ—à—å, —á—Ç–æ —Ç–µ—Ä—è–µ—à—å –æ–ø–æ—Ä—É
‚Äì –µ—Å–ª–∏ —Ç—ã –ø—Ä–æ—Å—Ç–æ —Ö–æ—á–µ—à—å –ø–æ–±—ã—Ç—å –≤ —Ç–∏—à–∏–Ω–µ –∏ –ø–æ—á—É–≤—Å—Ç–≤–æ–≤–∞—Ç—å –∑–∞–±–æ—Ç—É
‚Äì –µ—Å–ª–∏ —Ç–µ–±–µ –Ω—É–∂–Ω–æ –æ–±—Å—É–¥–∏—Ç—å –æ–ø—ã—Ç: –¥–æ, –≤–æ –≤—Ä–µ–º—è –∏–ª–∏ –ø–æ—Å–ª–µ

–ú—ã —Å–æ–∑–¥–∞–µ–º –∞—Ç–º–æ—Å—Ñ–µ—Ä—É, –≤ –∫–æ—Ç–æ—Ä–æ–π –º–æ–∂–Ω–æ –ø—Ä–æ–∂–∏—Ç—å –¥–∞–∂–µ —Å–ª–æ–∂–Ω–æ–µ –∏ –Ω–µ –±—ã—Ç—å –æ–¥–Ω–æ–º—É.

üïì –†–∞—Å–ø–∏—Å–∞–Ω–∏–µ

Zendo —Ä–∞–±–æ—Ç–∞–µ—Ç —Å 18:00 13/07 –¥–æ 10:00 16/07 ‚Äì –∫—Ä—É–≥–ª–æ—Å—É—Ç–æ—á–Ω–æ.

üìç –£ –Ω–∞—Å –º–æ–∂–Ω–æ:
‚Äì –ø—Ä–∏–π—Ç–∏ –Ω–∞ –Ω–µ—Ñ–æ—Ä–º–∞–ª—å–Ω—ã–µ –æ–±—Å—É–∂–¥–µ–Ω–∏—è, –∏—Å—Ç–æ—Ä–∏–∏ –∏ –≤–æ–ø—Ä–æ—Å—ã –Ω–∞ –æ—Ç–≤–µ—Ç—ã, –Ω–∞ –Ω–∞—à–µ–π —É—é—Ç–Ω–æ–π —Ç–µ—Ä—Ä–∞—Å—Å–µ, –±–µ–∑ –∫–æ–Ω–∫—Ä–µ—Ç–Ω–æ–≥–æ —Ä–∞—Å–ø–∏—Å–∞–Ω–∏—è
‚Äì –ø—Ä–æ—Å—Ç–æ –∑–∞–π—Ç–∏, –µ—Å–ª–∏ —Ö–æ—á–µ—Ç—Å—è –æ–ø–æ—Ä—ã, —Ç–µ–ø–ª–∞ –∏–ª–∏ –ø–æ–ø–∏—Ç—å —Å –Ω–∞–º–∏ —á–∞–π –≤ —Å–ø–æ–∫–æ–π–Ω–æ–π –æ–±—Å—Ç–∞–Ω–æ–≤–∫–µ
‚Äì –ø—Ä–∏ –Ω–µ–æ—Ö–æ–¥–∏–º–æ—Å—Ç–∏ –ø—Ä–æ—Ç–µ—Å—Ç–∏—Ä–æ–≤–∞—Ç—å –≤–∞—à–µ –≤–µ—â–µ—Å—Ç–≤–æ (–ø–æ –ø—Ä–µ–¥–≤–∞—Ä–∏—Ç–µ–ª—å–Ω–æ–π –¥–æ–≥–æ–≤–æ—Ä–µ–Ω–Ω–æ—Å—Ç–∏ —Å –ª–∏–¥–æ–º –∏–ª–∏ –∫–æ-–ª–∏–¥–æ–º)

–ù–∞—à–∏ –¥–≤–µ—Ä–∏ –≤—Å–µ–≥–¥–∞ –æ—Ç–∫—Ä—ã—Ç—ã. –ú—ã —Ä—è–¥–æ–º. üåø",Zendo —Ä–∞–±–æ—Ç–∞–µ—Ç —Å 18:00 13/07 –¥–æ 10:00 16/07 ‚Äì –∫—Ä—É–≥–ª–æ—Å—É—Ç–æ—á–Ω–æ.,
Bimbo Beach,@kot_ashot,@gricica,@vikargys,–î–∞,–ì–ª—É–ø—ã–µ –∏ –≤–µ—Å—ë–ª—ã–µ –≤–µ—á–µ—Ä–∏–Ω–∫–∏ —É –±–∞—Å—Å–µ–π–Ω–∞ –≤ –∫–æ–º–ø–∞–Ω–∏–∏ —Ä–æ—Å–∫–æ—à–Ω—ã—Ö —Å—É—á–µ–∫,"–ö–∞–∂–¥—ã–π –¥–µ–Ω—å:
–ê–∫—Ç–∏–≤–Ω–∞—è —Ä–∞–±–æ—Ç–∞ –±–∞—Ä–∞ - —Å 20 –¥–æ 4 (–∏ –º–± –µ—â—ë, –∑–∞–≤–∏—Å–∏—Ç –æ—Ç –≥–æ—Å—Ç–µ–≤—ã—Ö —à–∏—Ñ—Ç–æ–≤)
–°–ü–ê, –¥–µ–ª–∞–µ–º –º–∞—Å–æ—á–∫–∏ –∏ –º–± —á—ë-—Ç–æ –Ω–∞–ª–∏–≤–∞–µ–º - —Å 16 –¥–æ 18
–ë—å—é—Ç–∏ –±–∞—Ä (–∫—Ä–∞—Å–∏–º –≤–∞—Å –∏ –≤–∞—à–∏ –Ω–æ–≥—Ç–∏) - —Å 18 –¥–æ 20

–ü–µ—Ä–≤–∞—è –Ω–æ—á—å, –≤–µ—á–µ—Ä–∏–Ω–∫–∞ –æ—Ç–∫—Ä—ã—Ç–∏—è:
20:00 - 21:45 Pitchelav: french/disco house + dance performances
21:45 - 22:50 A$$HOT: disco/pop

–ü–æ–Ω–µ–¥–µ–ª—å–Ω–∏–∫: –≤ 15:00 –∫–æ–Ω–∫—É—Ä—Å –º–æ–∫—Ä—ã—Ö –º–∞–µ–∫

–í—Ç–æ—Ä–∞—è –Ω–æ—á—å:
22:30-23:30 Olya: disco/house
23:30-0:30 Petr: latino/disco/house
0:30-2:00 Mary Melty: house/breakbeat

–¢—Ä–µ—Ç—å—è –Ω–æ—á—å, –Ω–æ—Å—Ç–∞–ª—å–≥–∏—á–µ—Å–∫–∞—è:
00:00-2:00 Pitcheslav & Kozhurin: –∑–æ–ª–æ—Ç—ã–µ —Ö–∏—Ç—ã –ª–∞–≥–µ—Ä–Ω—ã—Ö –¥–∏—Å–∫–æ—Ç–µ–∫
2:00-4:20 Pitcheslav: hardgroove techno/ happy hardcore",
–†—ã–¥–∞–ª—å–Ω—è ,@gagarin_luybila,@poline_f,@Riceball_is_a_mood,–î–∞,,"–†–´–î–ê–õ–¨–ù–Ø (15:00‚Äì03:00, –º–æ–∂–Ω–æ –ø—Ä–∏—Ö–æ–¥–∏—Ç—å –≤ –ª—é–±–æ–µ –≤—Ä–µ–º—è)
–î–µ–Ω—å 1
18:00 ‚Äî –õ–µ–∫—Ü–∏—è ‚Äú–°—É—Ö–∏–µ —Ñ–∞–∫—Ç—ã –æ —Å–ª–µ–∑–∞—Ö‚Äù
22:00 ‚Äî –ê–Ω–∏–º–∞—Ü–∏–æ–Ω–Ω—ã–π –ø–æ–∫–∞–∑ ‚Äú–ü–ª–∞—á—å –∏ —Å–º–æ—Ç—Ä–∏‚Äù

–î–µ–Ω—å 2
19:30 ‚Äî –†—É—Å–∞–ª–∫–∏ —Ö –†—ã–¥–∞–ª—å–Ω–∞—è ""–ú–æ–µ–º –∫–æ—Å—Ç–∏ –±—ã—à–∏–º –∏ —Ç–æ–ø–∏–º –º–æ—Ä—è–∫–æ–≤ (–õ–æ–∫–∞—Ü–∏—è - –¢–∏—Ö–∏–π –æ–º—É—Ç)
20:00 ‚Äî –¢–µ–ª–µ—Å–Ω–∞—è –ø—Ä–∞–∫—Ç–∏–∫–∞ ‚Äú–¢–æ –≤—Å–∫–ª—ã—Ö, —Ç–æ –≤ –ø–ª–∞—á‚Äù

–î–µ–Ω—å 3
15:00 ‚Äî –í–æ—Ä–∫—à–æ–ø ‚Äú–ì–æ—Ä–µ –ª—É–∫–æ–≤–æ–µ‚Äù: —Ä–µ–∂–µ–º –ª—É–∫ –∏ —Å–æ–±–∏—Ä–∞–µ–º —Å–ª—ë–∑—ã
20:00 ‚Äî –†–∏—Ç—É–∞–ª –æ–ø–ª–∞–∫–∏–≤–∞–Ω–∏—è (–ø–µ—Ä–µ–¥ —Å–æ–∂–∂–µ–Ω–∏–µ–º –ú—ç–Ω–∞, –∂–¥—ë–º –≤—Å–µ—Ö)",
–§–∞–Ω-—Ñ–∞–Ω,@vsaxon,@mahakomar,@nemo2c,–î–∞,"–î–∞–º—ã –∏ –≥–æ—Å–ø–æ–¥–∞, –≤—Å—Ç—Ä–µ—á–∞–π—Ç–µ! 
üíà–§–ê–ù-–§–ê–ùüíà
–ü—É—Å—Ç—å –∑–∞–∫—Ä—É–∂–∏—Ç—Å—è –í–µ—Ç–µ—Ä–æ–∫ –≤ —É—Ä–∞–≥–∞–Ω–µ –±–µ–∑—É–¥–µ—Ä–∂–Ω–æ–≥–æ –≤–µ—Å–µ–ª—å—è!

üé†–î–Ω—ë–º ‚Äì –¥—Ä–µ–≤–Ω–∏–π –∞—Ç—Ç—Ä–∞–∫—Ü–∏–æ–Ω, –∂–∏–≤–æ–π –≤–∏—Ö—Ä—å —Å–º–µ—Ö–∞ –∏ –≤–æ—Å—Ç–æ—Ä–≥–∞,
üîÆ–ù–æ—á—å—é ‚Äì —É—Å–ª–∞–¥–∞ –¥–ª—è –≥–ª–∞–∑; –∞—Ä—Ç-–æ–±—ä–µ–∫—Ç, —Ç–æ –±–∏—à—å.

–ù–æ –æ–¥–∏–Ω –≤ –ø–æ–ª–µ ‚Äì –Ω–µ –≥–µ—Ä–æ–π, –∑–æ–≤–∏ –¥—Ä—É–∑–µ–π-—Ç–æ–≤–∞—Ä–∏—â–µ–π! –í–µ–¥—å –ª–∏—à—å —Å–æ–æ–±—â–∞, –≤ –µ–¥–∏–Ω–æ–º –ø–æ—Ä—ã–≤–µ –∏ –≥—Ä–æ–º–∫–æ–π –∫–æ–º–ø–∞–Ω–∏–µ–π –º–æ–∂–Ω–æ –µ–≥–æ —Ä–∞—Å–∫—Ä—É—Ç–∏—Ç—å. –ò —Ç–æ–≥–¥–∞ ‚Äì –æ —á—É–¥–æ! ‚Äì –æ–Ω —Å–¥—É–µ—Ç –≤—Å–µ —Ç—Ä–µ–≤–æ–≥–∏, —Å–æ–º–Ω–µ–Ω–∏—è –∏ –¥—É—à–µ–≤–Ω—ã–µ –¥–æ—Å–ø–µ—Ö–∏, –∏ –æ–¥–∞—Ä–∏—Ç –≤—Å–µ—Ö –ø–æ–ª—ë—Ç–æ–º, –¥–æ–≤–µ—Ä–∏–µ–º –∏ —Ä–∞–¥–æ—Å—Ç—å—é.

üïö –° –ø–æ–ª—É–¥–Ω—è –∏ –¥–æ –∑–∞—Ö–æ–¥–∞ —Å–æ–ª–Ω—Ü–∞ ‚Äî –∫–∞—Ç–∞–π—Å—è –≤–≤–æ–ª—é, –ø–æ–¥ –ø—Ä–∏—Å–º–æ—Ç—Ä–æ–º –∞—Ç—Ç—Ä–∞–∫—Ü–∏–æ–Ω–∏—Å—Ç–æ–≤, –º–∞—Å—Ç–µ—Ä–æ–≤ –ø–æ—Ç–µ—Ö–∏ –∏ –±–µ–∑–æ–ø–∞—Å–Ω–æ—Å—Ç–∏!
üåô –ù–æ! –û—Å—Ç–µ—Ä–µ–≥–∏—Å—å, –æ —Å–º–µ—Ä—Ç–Ω—ã–π! –í —á–∞—Å –Ω–æ—á–Ω–æ–π –Ω–∞ –§–∞–Ω-–§–∞–Ω–µ –∫–∞—Ç–∞—é—Ç—Å—è –¥—É—Ö–∏ —Ä–∞–∑–≤–ª–µ—á–µ–Ω–∏–π! –°–º–æ—Ç—Ä–∏, –Ω–µ —Ç—Ä–µ–≤–æ–∂—å –∏—Ö, –∞ —Ç–æ –∑–∞–∑–æ–≤—É—Ç —Å —Å–æ–±–æ—é ‚Äî –∏ –±—É–¥–µ—Ç –≤—Å—è –∂–∏–∑–Ω—å —Å–ø–ª–æ—à–Ω—ã–º –±–ª—è–¥—Å–∫–∏–º —Ü–∏—Ä–∫–æ–º.

üé≠ –¢–∞–∫ —á—Ç–æ –ø–æ–¥—Ö–æ–¥–∏, –Ω–µ –∑–µ–≤–∞–π, –§–∞–Ω-–§–∞–Ω —Ä–∞–∑–¥—É–≤–∞–π! –ü—Ä—ã–≥–∞–π, –∫—Ä—É—Ç–∏—Å—å, –æ—Ç –≤—Å–µ–≥–æ –æ—Å–≤–æ–±–æ–¥–∏—Å—å!","üïö –° –ø–æ–ª—É–¥–Ω—è –∏ –¥–æ –∑–∞—Ö–æ–¥–∞ —Å–æ–ª–Ω—Ü–∞ ‚Äî –∫–∞—Ç–∞–π—Å—è –≤–≤–æ–ª—é, –ø–æ–¥ –ø—Ä–∏—Å–º–æ—Ç—Ä–æ–º –∞—Ç—Ç—Ä–∞–∫—Ü–∏–æ–Ω–∏—Å—Ç–æ–≤, –º–∞—Å—Ç–µ—Ä–æ–≤ –ø–æ—Ç–µ—Ö–∏ –∏ –±–µ–∑–æ–ø–∞—Å–Ω–æ—Å—Ç–∏!
üåô –ù–æ! –û—Å—Ç–µ—Ä–µ–≥–∏—Å—å, –æ —Å–º–µ—Ä—Ç–Ω—ã–π! –í —á–∞—Å –Ω–æ—á–Ω–æ–π –Ω–∞ –§–∞–Ω-–§–∞–Ω–µ –∫–∞—Ç–∞—é—Ç—Å—è –¥—É—Ö–∏ —Ä–∞–∑–≤–ª–µ—á–µ–Ω–∏–π! –°–º–æ—Ç—Ä–∏, –Ω–µ —Ç—Ä–µ–≤–æ–∂—å –∏—Ö, –∞ —Ç–æ –∑–∞–∑–æ–≤—É—Ç —Å —Å–æ–±–æ—é ‚Äî –∏ –±—É–¥–µ—Ç –≤—Å—è –∂–∏–∑–Ω—å —Å–ø–ª–æ—à–Ω—ã–º –±–ª—è–¥—Å–∫–∏–º —Ü–∏—Ä–∫–æ–º.",
–®–∞—Ä–∏–∫–æ–≤–∞—è,@greenmur,@Den_Led,@and_ih8u2,–î–∞,"–®–∞—Ä–∏–∫–æ–≤–∞—è ‚Äî —ç—Ç–æ –º–µ—Å—Ç–æ, –≥–¥–µ –º–æ–∂–Ω–æ –∑–∞–±—ã—Ç—å –æ –∑–∞–±–æ—Ç–∞—Ö –∏ –ø—Ä–æ—Å—Ç–æ –ø–æ–∏–≥—Ä–∞—Ç—å —Å —à–∞—Ä–∏–∫–∞–º–∏!
–ë—Ä–æ—Å–∞—Ç—å, –∫–∞—Ç–∞—Ç—å, –∑–∞–±–∏–≤–∞—Ç—å, –æ—Ç–±–∏–≤–∞—Ç—å –∏ –¥–∞–∂–µ –ø–∏–Ω–∞—Ç—å ‚Äî –∫–∞–∫ –¥—É—à–µ —É–≥–æ–¥–Ω–æ!

–í–∞—Å –∂–¥—É—Ç:
üèì –±–µ–∑—É–º–Ω—ã–π –ø–∏–Ω–≥-–ø–æ–Ω–≥ —Å –∫–æ–ª–µ—Å–æ–º —Ñ–æ—Ä—Ç—É–Ω—ã
‚õ≥ –≥–æ–ª—å—Ñ-—Ç–∏—Ä
üåÄ –Ω–∞—Å—Ç–æ–ª—å–Ω—ã–π –ª–∞–±–∏—Ä–∏–Ω—Ç
üèÅ —Ç—Ä–∞—Å—Å–∞ —Å –æ—Ç—Å–∫–æ–∫–∞–º–∏

–ò, –∫–æ–Ω–µ—á–Ω–æ, —Ç—É—Ä–Ω–∏—Ä –ø–æ –±–µ—Å–±–∞—à–∞–Ω–æ–º—É –ø–∏–Ω–≥-–ø–æ–Ω–≥—É!
–ù–µ –ø—Ä–æ–ø—É—Å—Ç–∏ ‚Äî –∑–∞–ø–∏—Å—ã–≤–∞–π—Å—è –∑–∞—Ä–∞–Ω–µ–µ ü§òüèº","–í—Ä–µ–º—è —Ä–∞–±–æ—Ç—ã: 11.00-19.00
15–æ–≥–æ –∏—é–ª—è, 12.21: –¢—É—Ä–Ω–∏—Ä.   ",
Nevesomo,@Artbit17,@nt3f5h,@reelsulya,–î–∞,"–ë–∞–Ω–Ω—ã–π –∫—ç–º–ø Nevesomo ‚Äî —ç—Ç–æ –Ω–µ –ø—Ä–æ—Å—Ç–æ –º–µ—Å—Ç–æ —Ä–∞—Å—Å–ª–∞–±–ª–µ–Ω–∏—è. –ó–¥–µ—Å—å –≤–∞—à–∏ —Ç–µ–ª–æ –∏ –¥—É—Ö –ø–µ—Ä–µ–∂–∏–≤—É—Ç —Ç—Ä–∞–Ω—Å—Ñ–æ—Ä–º–∞—Ü–∏—é.

–í Nevesomo –≤—ã –ø—Ä–æ—Ö–æ–¥–∏—Ç–µ —Ä–∏—Ç—É–∞–ª –æ—á–∏—â–µ–Ω–∏—è, –∏–∑–±–∞–≤–ª—è–µ—Ç–µ—Å—å –æ—Ç –Ω–µ–Ω—É–∂–Ω–æ–≥–æ ‚Äî —Å—Ç–∞—Ä—ã—Ö –ª–∏—à–Ω–∏—Ö –º—ã—Å–ª–µ–π, —Ç—è–≥–æ—Ç—è—â–∏—Ö —ç–º–æ—Ü–∏–π, –∑–∞–∂–∏–º–æ–≤ –≤ —Ç–µ–ª–µ, —Å—Ç—Ä–∞—Ö–æ–≤ –∏ —Å–æ–º–Ω–µ–Ω–∏–π. –ë–∞–Ω—è –¥–µ–ª–∞–µ—Ç –≤–∞—Å —á–∏—Å—Ç—ã–º –∏ –Ω–µ–≤–µ—Å–æ–º—ã–º, –æ—Ç–∫—Ä—ã–≤–∞–µ—Ç –≤–∞—Å –Ω–æ–≤–æ–º—É –∏ –∫—Ä–∞—Å–æ—á–Ω–æ–º—É –æ–ø—ã—Ç—É –í–µ—Ç–µ—Ä–∫–∞. 

–í –æ—Å–Ω–æ–≤–Ω–æ–π –ø—Ä–æ–≥—Ä–∞–º–º–µ ‚Äî –±–∞–Ω–Ω—ã–µ —Å–µ—Å—Å–∏–∏ –¥–ª–∏—Ç–µ–ª—å–Ω–æ—Å—Ç—å—é 1 —á–∞—Å —Å –¥–∞–ª—å–Ω–µ–π—à–∏–º –¥–æ—Å—É–≥–æ–º –≤ –Ω–∞—à–µ–π —á–∏–ª–ª-–∑–æ–Ω–µ. –î–æ–±—Ä—ã–π —á–∏–ª–ª, –º–∞—Å—Å–∞–∂–∏, –º–Ω—É—à–∏ –∏ —á–∞–π–Ω—ã–π —Ä–µ–ª–∞–∫—Å ‚Äî —ç—Ç–æ –≤—Å–µ –±—É–¥–µ—Ç –æ–±—è–∑–∞—Ç–µ–ª—å–Ω–æ!","13 –∏—é–ª—è: –≤–µ—á–µ—Ä–Ω–∏–µ —Å–µ—Å—Å–∏–∏ —Å 17:00
14‚Äì15 –∏—é–ª—è: –±–∞–Ω—è —Å 12:00 –¥–æ –≤–µ—á–µ—Ä–∞, free-flow + —Å–µ—Å—Å–∏–∏ —Å –ø–µ—Ä–µ—Ä—ã–≤–æ–º –Ω–∞ –æ–±–µ–¥
16 –∏—é–ª—è: –≤–æ–∑–º–æ–∂–Ω–æ –∑–∞–∫—Ä—ã–≤–∞—é—â–µ–µ –ø–∞—Ä–µ–Ω–∏–µ (TBD)

–ú–∞—Å—Ç–µ—Ä-–∫–ª–∞—Å—Å—ã –∏ –æ–ø–∏—Å–∞–Ω–∏—è –±–∞–Ω–Ω—ã—Ö —Å–µ—Å—Å–∏–π: —É–∑–Ω–∞–≤–∞–π—Ç–µ —É –Ω–∞—Å –Ω–∞ –≥—Ä–∏—Ç–∏–Ω–≥–µ!",Nevesomo ‚Äî –û–ø–∏—Å–∞–Ω–∏–µ –∏ —Ä–∞—Å–ø–∏—Å–∞–Ω–∏–µ 25.06.06
–ö–∞—Ä—Ç–æ—à–∫–∞,@postiki,@postiki,@postiki,–î–∞,"–ú—ã –±—É–¥–µ–º –∫–æ—Ä–º–∏—Ç—å –∫—Ä–æ—à–∫–æ–π –∫–∞—Ä—Ç–æ—à–∫–æ–π
","–í—Ä–µ–º—è —Ä–∞–±–æ—Ç—ã: 
—Å 6 –≤–µ—á–µ—Ä–∞ –∏ –¥–æ 2-3—Ö –Ω–æ—á–∏",
–°–æ–Ω –ê–ª–∏—Å—ã,@ledenevapsy,@S_Pereyra,@ArtCherokee,–î–∞,"–ö—ç–º–ø ¬´–°–æ–Ω –ê–ª–∏—Å—ã¬ª

–ï—Å–ª–∏ –∫–æ—Ä–æ—Ç–∫–æ - –ø–æ–≥—Ä—É–∑–∏—Å—å –≤ —Å–µ–±—è‚Ä¶ –∏ —Å–ª–µ–≥–∫–∞ —Å–æ–π–¥–∏ —Å —É–º–∞.

–≠—Ç–æ –ø—É—Ç–µ—à–µ—Å—Ç–≤–∏–µ –≤ –±–µ—Å—Å–æ–∑–Ω–∞—Ç–µ–ª—å–Ω–æ–µ. –í —Å–∞–º—ã–µ —Å–æ–∫—Ä–æ–≤–µ–Ω–Ω—ã–µ –∏ –∑–∞–ø—É—Ç–∞–Ω–Ω—ã–µ —É–≥–æ–ª–∫–∏ –≤–Ω—É—Ç—Ä–µ–Ω–Ω–µ–≥–æ –º–∏—Ä–∞.
–ê –º–æ–∂–µ—Ç - –≤ –æ—Å—Ç—Ä–æ–µ –æ—â—É—â–µ–Ω–∏–µ –µ–≥–æ –æ—Ç—Å—É—Ç—Å—Ç–≤–∏—è, –∫–æ–≥–¥–∞ —Ç—ã —Å—Ç–æ–∏—à—å –æ–¥–∏–Ω –Ω–∞ –∫—Ä–∞—é –í—Å–µ–ª–µ–Ω–Ω–æ–π, –ø–æ–ª–Ω–æ–π –∑–≤—ë–∑–¥ –∏ –ø—É—Å—Ç–æ—Ç—ã.

–≠—Ç–æ –ª–∞–±–∏—Ä–∏–Ω—Ç, –≥–¥–µ —Ç—ã –Ω–µ –ø—Ä–æ—Å—Ç–æ –∏–¥—ë—à—å –ø–æ –¥–æ—Ä–æ–∂–∫–∞–º - —Ç—ã –¥–≤–∏–∂–µ—à—å—Å—è —Å–∫–≤–æ–∑—å —Å–æ–±—Å—Ç–≤–µ–Ω–Ω—ã–µ —Å–æ—Å—Ç–æ—è–Ω–∏—è.
–¢–µ–Ω–∏ —à–µ–ø—á—É—Ç –∑–Ω–∞–∫–æ–º—ã–µ —Å–ª–æ–≤–∞, –Ω–æ –∏—Ö —Å–º—ã—Å–ª—ã —Ä–∞—Å–ø–∞–¥–∞—é—Ç—Å—è.
–ó–µ—Ä–∫–∞–ª–∞ –æ—Ç—Ä–∞–∂–∞—é—Ç –Ω–µ –ª–∏—Ü–æ, –∞ —á—Ç–æ-—Ç–æ –≥–ª—É–±–∂–µ.
–ö–∞–∂–¥—ã–π –ø–æ–≤–æ—Ä–æ—Ç - –∫–∞–∫ –≤–æ–ø—Ä–æ—Å –±–µ–∑ –æ—Ç–≤–µ—Ç–∞, –Ω–∞ –∫–æ—Ç–æ—Ä—ã–π –≤—Å—ë —Ä–∞–≤–Ω–æ —Ö–æ—á–µ—Ç—Å—è –æ—Ç–≤–µ—á–∞—Ç—å.

–≠—Ç–æ –±—É—Ñ–µ—Ä –º–µ–∂–¥—É –º–∞–≥–∏–µ–π –∏ —Ä–µ–∞–ª—å–Ω–æ—Å—Ç—å—é.
–ú–µ–∂–¥—É –ª–æ–≥–∏–∫–æ–π –∏ –∞–±—Å—É—Ä–¥–æ–º.
–ú–µ–∂–¥—É —Ç–µ–º, –∫–µ–º —Ç—ã —Å–µ–±—è —Å—á–∏—Ç–∞–µ—à—å - –∏ —Ç–µ–º, –∫–µ–º —Ç—ã –º–æ–∂–µ—à—å –±—ã—Ç—å.

–ü—Ä–æ–π–¥–∏. –†–∞–∑–±–µ—Ä–∏ —Å–µ–±—è –Ω–∞ —á–∞—Å—Ç–∏. –°–æ–±–µ—Ä–∏ –∑–∞–Ω–æ–≤–æ.",–û—Ç –∑–∞–∫–∞—Ç–∞ –¥–æ —Ä–∞—Å—Å–≤–µ—Ç–∞ (c 21:00 –¥–æ 05:00),
drujba / stancia,@harryharry,@jenny_vs,@tepllead,–î–∞,"drujba / stancia

drujba ‚Äî —ç—Ç–æ –±–∞—Ä, –≤ –∫–æ—Ç–æ—Ä–æ–º –≤—Å–µ –µ—â–µ 2013 –≥–æ–¥ ‚Äî –∑–¥–µ—Å—å –º—ã –≥–æ–≤–æ—Ä–∏–º, –≥–æ—Ç–æ–≤–∏–º –∏ —Ç—É—Å–∏–º","
–ì–æ—Ç–æ–≤–∏–º, –µ–¥–∏–º –∏ –¥—Ä—É–∂–∏–º! 

‚òÄÔ∏è 13 –∏—é–ª—è, –≤–æ—Å–∫—Ä–µ—Å–µ–Ω—å–µ
13:00 ‚Äî ""–ü–∏—Ä–æ–∂–∫–∏ & –ü–∏—Ä–æ–∂–∫–∏"" 
16:00 ‚Äî ""–î–µ–Ω—å —Å–≤—è—Ç–æ–≥–æ –í–∞–ª–µ–Ω—Ç–∏–Ω–∞"" –ø—Ä–∏—Ö–æ–¥–∏—Ç–µ —Å –ø–∞—Ä—Ç–Ω–µ—Ä–æ–º –∏–ª–∏ –Ω–∞–π–¥–∏—Ç–µ –µ–≥–æ –∑–¥–µ—Å—å‚ù§Ô∏è
20:00 ‚Äî –°–≤–æ–ø-–≤–µ—á–µ—Ä–∏–Ω–∫–∞: –æ–±–Ω–æ–≤–∏—Ç–µ –∫–æ—Å—Ç—é–º—ã 
23:00 ‚Äî –≠—Ä–æ—Ç–∏–∫–∞ –Ω–∞ –Ω–æ—á—å 18+: –∫–ª—É–±–Ω–∏–∫–∞ —Å–æ —Å–ª–∏–≤–∫–∞–º–∏ –∏ –ø–∏–∫–∞–Ω—Ç–Ω—ã–µ —Ä–∞–∑–≥–æ–≤–æ—Ä—ã
üåà 14 –∏—é–ª—è, –ø–æ–Ω–µ–¥–µ–ª—å–Ω–∏–∫
10:30 ‚Äî –ê–∫—Ç—ë—Ä—Å–∫–∞—è –∏–º–ø—Ä–æ–≤–∏–∑–∞—Ü–∏—è –Ω–∞ –∑–∞–≤—Ç—Ä–∞–∫ 
13:00 ‚Äî HARLEM SHAKE: —Ç–∞–Ω—Ü—ã –∏ –∫–æ–∫—Ç–µ–π–ª–∏ 
16:00 ‚Äî –î–µ—Ç—Å–∫–∏–π –¥–µ–Ω—å —Ä–æ–∂–¥–µ–Ω–∏—è: –≤–µ—Å—ë–ª—ã–µ —Å—Ç–∞—Ä—Ç—ã, –±–µ–≥ —Å–æ —Å—Ç—É–ª—å—è–º–∏ –∏ –¥—Ä—É–≥–∏–µ –∫–æ–Ω–∫—É—Ä—Å—ã —ç–ø–æ—Ö–∏ –±–µ–∑ –∏–Ω—Ç–µ—Ä–Ω–µ—Ç–∞
18:10 ‚Äî ""–†–∏—Å—É–µ–º –Ω–∞ —Å—Ç–µ–Ω–µ"" –ì–æ—Ç–æ–≤–∏–º —á–∏–∞ –ø—É–¥–∏–Ω–≥ –∏ –ø–æ–≥—Ä—É–∂–∞–µ—Ç—Å—è –≤ –∫–æ–ª–ª–µ–∫—Ç–∏–≤–Ω–æ–µ —Ç–≤–æ—Ä—á–µ—Å—Ç–≤–æ 
20:00 ‚Äî –†–æ–∫-–Ω-—Ä–æ–ª–ª & –ë–∞—Ä–±–µ–∫—é 
23:00 ‚Äî –ù–æ—á–Ω–æ–π —Ä–µ–ø –≤–µ—Ä—Å—É—Å —Ñ—Ä–∏—Å—Ç–∞–π–ª ""–î—Ä—É–∂–±–∞ / –ú–∞—Å–∞–ª–∞"" 
02:00 ‚Äî –ù–æ—á–Ω–æ–µ —Ç–æ–∫-—à–æ—É 
05:00 ‚Äî ""Good morning, —Å–µ–ª—Ñ-–∫–µ–∞—Ä"": —Å–º—É–∑–∏, –º–∞—Å–æ—á–∫–∏, –æ—Ç—Ö–æ–¥–æ—Å—ã 

üê£ 15 –∏—é–ª—è, –≤—Ç–æ—Ä–Ω–∏–∫
10:30 ‚Äî ""–•–∏–ø—Å—Ç–æ—É—Ç—Ä–æ"": –∫–æ—Ñ–µ, —Å–º—É–∑–∏, –∏–Ω–¥–∏
13:00 ‚Äî –ü–æ—Ö–º–µ–ª—å–Ω—ã–π –¥–æ—à–∏–∫ –¥–ª—è –Ω–µ —Ö–∏–ø—Å—Ç–æ—Ç—ã
16:00 ‚Äî ASK.FM –ó–∞–¥–∞–π —Å–∞–º—ã–µ –≥–æ—Ä—è—á–∏–µ –≤–æ–ø—Ä–æ—Å—ã –≤–µ—Ç–µ—Ä–∫–æ–≤—Ü–∞–º
20:00 ‚Äî –ñ–ñ-–¢–æ–∫ ""–ö—É—Ö–Ω—è 2013"" 
23:00 ‚Äî –ù–æ—á–Ω–æ–π —Ä–µ–ø –≤–µ—Ä—Å—É—Å —Ñ—Ä–∏—Å—Ç–∞–π–ª ""–î—Ä—É–∂–±–∞ / –ú–∞—Å–∞–ª–∞""
02:00 ‚Äî –ù–æ—á–Ω–æ–µ —Ç–æ–∫-—à–æ—É ",
–¢–∏—Ö–∏–π –û–º—É—Ç,@yatsenkomarina,@yatsenkomarina,@shmizh,–î–∞,"–†—É—Å–∞–ª–∫–∏ / –¢–∏—Ö–∏–π –û–º—É—Ç ‚Äî –ø—Ä–∏—Ç–æ–Ω —Ä—É—Å–∞–ª–æ–∫, —Å—É—â–µ—Å—Ç–≤ –±–µ–∑ –¥—É—à–∏, –Ω–æ —Å –∏–Ω—Ç–µ—Ä–µ—Å–æ–º –∫ –æ–∫—Ä—É–∂–∞—é—â–µ–º—É –º–∏—Ä—É, –±–µ—Å–ø–µ—á–Ω—ã–º –º–æ—Ä—è–∫–∞–º, –≤—Å–µ–º—É –ø–æ—Ç—É—Å—Ç–æ—Ä–æ–Ω–Ω–µ–º—É –∏ –ø–æ—Å—é—Å—Ç–æ—Ä–æ–Ω–Ω–∏–º —Å–ø–ª–µ—Ç–Ω—è–º. –í –û–º—É—Ç–µ –ø—Ä–æ–∏—Å—Ö–æ–¥—è—Ç —Å–æ–≤–º–µ—Å—Ç–Ω—ã–µ —Ä–∏—Ç—É–∞–ª—ã –∏ –ø—Ä–∞–∫—Ç–∏–∫–∏, –≤ –Ω–µ–≥–æ —á–∞—â–µ –ø—Ä–∏—Ö–æ–¥—è—Ç —Å–∞–º–∏, –Ω–æ –∏–Ω–æ–≥–¥–∞ –≤—Å—ë –∂–µ –∑–∞–≥—É–ª—è–≤—à–∞—è —Ä—É—Å–∞–ª–∫–∞ –º–æ–∂–µ—Ç —É–≤–µ—Å—Ç–∏ –∑–∞ —Å–æ–±–æ–π.

–°—É—â–Ω–æ—Å—Ç–∏

* –¢–∏—Ö–∏–π –û–º—É—Ç (–±–µ—Å–µ–¥–∫–∞, –ø—Ä–∏—Ç–æ–Ω) ‚Äî –º–µ—Å—Ç–æ –æ–±–∏—Ç–∞–Ω–∏—è —Ä—É—Å–∞–ª–æ–∫, –∫—É–¥–∞ –∫ –Ω–∞–º —Å–∞–º–∏ –ø—Ä–∏—Ö–æ–¥—è—Ç –ø—É—Ç–Ω–∏–∫–∏
* –†—É—Å–∞–ª–∫–∞ ‚Äî —Å–≤–æ–±–æ–¥–Ω–æ –ø–µ—Ä–µ–º–µ—â–∞—é—â–µ–µ—Å—è –ø–æ —Ç–µ—Ä—Ä–∏—Ç–æ—Ä–∏–∏ —Å—É—â–µ—Å—Ç–≤–æ, –º–æ–∂–µ—Ç –≤–∏—Å–µ—Ç—å –≤ —Å–µ—Ç—è—Ö, –∫–∞—Ä–∞—É–ª–∏—Ç—å –≤ —Ç–µ–Ω–∏ —É —Ä–µ–∫–∏ –∏–ª–∏ –≥—Ä–µ—Ç—å—Å—è –Ω–∞ –ë–∏–º–±–æ –ë–∏—á","---

### –î–µ–Ω—å 1

* 15:00 ‚Äî –ù–∞–ø–æ–ª–Ω–µ–Ω–∏–µ —Å–æ–∫—Ä–æ–≤–∏—â–Ω–∏—Ü—ã: –ø–æ–ª—É—á–∏—Ç—å –ø—Ä–µ–¥—Å–∫–∞–∑–∞–Ω–∏–µ –≤–∑–∞–º–µ–Ω –Ω–∞ –ø–∏—Å—å–º–æ –º–æ—Ä—é
* 17:00‚Äì19:00 ‚Äî –î–æ–±—Ä–æ –ø–æ–∂–∞–ª–æ–≤–∞—Ç—å –Ω–∞ —Å—É—à–∏—É: —Ç–∞–Ω—Ü—ã

### –î–µ–Ω—å 2

* 17:00 ‚Äî –∫–∞–¥–¥–ª: –æ–±—ä—è—Ç–∏—è —Ä—É—Å–∞–ª–∫–∏
* 19:30 ‚Äî –†—É—Å–∞–ª–∫–∏ –• –†—ã–¥–∞–ª—å–Ω—è: –º–æ–∏–º –∫–æ—Å—Ç–∏ –±—ã–≤—à–∏–º & —Ç–æ–ø–∏–º –º–æ—Ä—è–∫–æ–≤


### –î–µ–Ω—å 3

11:30 ‚Äî —Ä–∞–∑–º–∏–Ω–∞–µ–º –Ω–æ–∂–∫–∏, –ø–æ–ª—É—á–µ–Ω–Ω—ã–µ –≤ –æ–±–º–µ–Ω –Ω–∞ –≥–æ–ª–æ—Å
* 14:00‚Äì16:00 ‚Äî Spell casting // spell cleansing ceremony in English/Hebrew or Jibish
* 20:00 ‚Äî –ë–æ–ª—å—à–æ–π —Ä–∏—Ç—É–∞–ª –æ–ø–ª–∞–∫–∏–≤–∞–Ω–∏—è —Å–æ–≤–º–µ—Å—Ç–Ω–æ —Å –†—ã–¥–∞–ª—å–Ω–µ–π",
–í–µ—Ç–µ—Ä –≤ –∫—Ä–æ–Ω–∞—Ö,@kiralebar,@Valenkaa,@bbikaz,–î–∞,"–í–µ—Ç–µ—Ä –≤ –∫—Ä–æ–Ω–∞—Ö: –≥–¥–µ –ó–µ–º–ª—è —Å—Ç–∞–Ω–æ–≤–∏—Ç—Å—è –Ω–µ–±–æ–º

–ü—Ä–∏–≥–ª–∞—à–∞–µ–º –≤–∞—Å –æ—Ç–æ—Ä–≤–∞—Ç—å—Å—è –æ—Ç —Å—É–µ—Ç—ã –∏ –ø–æ–¥–Ω—è—Ç—å—Å—è –≤ –Ω–∞—à–µ –≤–æ–∑–¥—É—à–Ω–æ–µ —Ü–∞—Ä—Å—Ç–≤–æ.
–≠—Ç–æ –Ω–µ –ø—Ä–æ—Å—Ç–æ —á–∏–ª-–∑–æ–Ω–∞, —ç—Ç–æ –ø–æ—Ä—Ç–∞–ª –≤ –ª–µ–≥–∫–æ–µ –¥–µ—Ç—Å—Ç–≤–æ –∏ —Ç–∏—Ö–æ–µ –≤–æ–ª—à–µ–±—Å—Ç–≤–æ, –ø—Ä–∏—Ç–∞–∏–≤—à–∏–π—Å—è –≤—ã—Å–æ–∫–æ –Ω–∞–¥ –∑–µ–º–ª–µ–π —Å—Ä–µ–¥–∏ —à–µ–ª–µ—Å—Ç–∞ –ª–∏—Å—Ç—å–µ–≤.  
–ù–∞–π–¥–∏ –≤—Ö–æ–¥ –ø–æ–¥ –≥—Ä–∏–±–∞–º–∏ ‚Äì –Ω–∞—à –≤–æ–ª—à–µ–±–Ω—ã–π –ø–æ—Ä—Ç–∞–ª –≤ —Å–µ—Ç—á–∞—Ç—ã–µ –ø—Ä–æ—Å—Ç–æ—Ä—ã! –ó–¥–µ—Å—å –±–µ–∑–æ–ø–∞—Å–Ω–æ (—Å–ª–µ–¥—É–π—Ç–µ –ø—Ä–æ—Å—Ç—ã–º –ø—Ä–∞–≤–∏–ª–∞–º!)

–í–∞—Å –∂–¥–µ—Ç:  
‚óã–¢–∞–Ω–µ—Ü —Å –≥—Ä–∞–≤–∏—Ç–∞—Ü–∏–µ–π ‚Äì –Ω–µ–≤–µ—Å–æ–º–æ–µ –≤–∞–ª—è–Ω–∏–µ, –∏—Å—Å–ª–µ–¥–æ–≤–∞–Ω–∏–µ —Å–µ—Ç—á–∞—Ç—ã—Ö –ª–∞–±–∏—Ä–∏–Ω—Ç–æ–≤, —Å–æ–Ω –≤ –∫—Ä–æ–Ω–∞—Ö (—Å–ø–∞–ª—å–Ω–∏–∫ ‚Äì —Ç–≤–æ–π –ø—Ä–æ–ø—É—Å–∫ –≤ —Å–Ω—ã!).  
‚óã–ú–∏–Ω—É—Ç–∫–∞ –¥–µ—Ç—Å—Ç–≤–∞ ‚Äì —á–∏—Å—Ç—ã–π –≤–æ—Å—Ç–æ—Ä–≥ –∏ —Å–≤–æ–±–æ–¥–∞ –¥–≤–∏–∂–µ–Ω–∏–π.  
‚óã–ù–æ—á–Ω–æ–µ –ø—Ä–µ–æ–±—Ä–∞–∂–µ–Ω–∏–µ ‚Äì –∫–æ–≥–¥–∞ —Å–æ–ª–Ω—Ü–µ —Å–∫—Ä–æ–µ—Ç—Å—è, –º—ã –∑–∞–∂–∂–µ–º –≤–æ–ª—à–µ–±–Ω—ã–µ –æ–≥–Ω–∏, –ø—Ä–µ–≤—Ä–∞—â–∞—è –∫—Ä–æ–Ω—ã –≤ —Å–≤–µ—Ç—è—â–∏–π—Å—è —Å–æ–±–æ—Ä.  
‚óã–°–æ–≥—Ä–µ–≤–∞–Ω–∏–µ –¥—É—à–µ–≤–Ω—ã–º —á–∞–π–∫–æ–º ‚Äì –º—ã –±—É–¥–µ–º —Ä–∞–∑–ª–∏–≤–∞—Ç—å —Ç–µ–ø–ª–æ –∏ —É—é—Ç!  

‚òÜ–í–µ—Ç–µ—Ä –≤ –∫—Ä–æ–Ω–∞—Ö ‚Äì –º–µ—Å—Ç–æ, –≥–¥–µ —Ä–µ–∞–ª—å–Ω–æ—Å—Ç—å —Å—Ç–∞–Ω–æ–≤–∏—Ç—Å—è –≤–æ–ª—à–µ–±–Ω–æ–π —Å–∫–∞–∑–∫–æ–π.","–õ–µ—Ç–∏–º:  
13.07 —Å 20:00 –¥–æ —É—Ç—Ä–∞ 17.07 ‚Äì –ö–†–£–ì–õ–û–°–£–¢–û–ß–ù–û!   ",
–¢—Ä–∞–º–æ–ΩTouch,@ChooseTema,@Gryzloff,@dogmaxxed,–î–∞,"‚ú® –¢—Ä–∞–º–æ–ΩTouch

–ö–µ–º–ø –¥–ª—è —Ç–µ—Ö, –∫—Ç–æ —Ö–æ—á–µ—Ç —á—É–≤—Å—Ç–≤–æ–≤–∞—Ç—å –ø–æ-–Ω–∞—Å—Ç–æ—è—â–µ–º—É.
–≠—Ç–æ —Å–µ–Ω—Å–æ—Ä–Ω—ã–π –ª–∞–±–∏—Ä–∏–Ω—Ç, –≥–¥–µ –∫–∞–∂–¥–æ–µ –∏–∑ —à–µ—Å—Ç–∏ —á—É–≤—Å—Ç–≤ —Å—Ç–∞–Ω–æ–≤–∏—Ç—Å—è –æ—Ç–¥–µ–ª—å–Ω–æ–π –≥–ª–∞–≤–æ–π –ª–∏—á–Ω–æ–≥–æ –ø—Ä–∏–∫–ª—é—á–µ–Ω–∏—è. –ó–¥–µ—Å—å –º—É–∑—ã–∫—É —Ç—Ä–æ–≥–∞—é—Ç, –≤–∫—É—Å—ã –≤—ã–∑—ã–≤–∞—é—Ç –≤–æ—Å–ø–æ–º–∏–Ω–∞–Ω–∏—è, –∑–∞–ø–∞—Ö–∏ —É–Ω–æ—Å—è—Ç, –∞ —Ç–µ–ª–æ –≥–æ–≤–æ—Ä–∏—Ç: ¬´–í–ê–£!¬ª

üí° –í —Ç—Ä—ë—Ö —Å–ª–æ–≤–∞—Ö:
–ü–æ–ø—Ä–æ–±—É–π. –ü–æ—á—É–≤—Å—Ç–≤—É–π. –ü—Ä–æ–∂–∏–≤–∏.

üåÄ –ó–∞—á–µ–º —Ç–µ–±–µ –∫ –Ω–∞–º:
‚Äì –ü—Ä–æ–π—Ç–∏ –ª–∞–±–∏—Ä–∏–Ω—Ç –∏–∑ 6 —á—É–≤—Å—Ç–≤ –∏ —Å–æ–±—Ä–∞—Ç—å –ø–∞—Å–ø–æ—Ä—Ç –æ—â—É—â–µ–Ω–∏–π
‚Äì –í—Å—Ç—Ä–µ—Ç–∏—Ç—å—Å—è —Å —Å–æ–±–æ–π –≤ –∑–µ—Ä–∫–∞–ª–∞—Ö —ç–º–æ—Ü–∏–π
‚Äì –ü–æ–≥—Ä—É–∑–∏—Ç—å—Å—è –≤ —Ç–µ–∞—Ç—Ä –ø—Ä–∏–∫–æ—Å–Ω–æ–≤–µ–Ω–∏–π
‚Äì –ü–æ—Ç–µ—Ä—è—Ç—å—Å—è –∏ –Ω–∞–π—Ç–∏—Å—å –≤ –∑–∞–ø–∞—Ö–∞—Ö, –∑–≤—É–∫–∞—Ö –∏ —Ç–µ–∫—Å—Ç—É—Ä–∞—Ö
‚Äì –†–∞—Å—Å–ª–∞–±–∏—Ç—å—Å—è –Ω–∞ –º–∞—Å—Å–∞–∂–µ, –≤—ã–ø–∏—Ç—å –æ—Ä–∏–≥–∏–Ω–∞–ª—å–Ω—ã–π —à–æ—Ç, –ø–æ—Å–ª—É—à–∞—Ç—å –º—É–∑—ã–∫—É –∏ –ø–æ–ª—É—á–∏—Ç—å –≥–ª—É–±–æ–∫–∏–π –≤–∞—É-—ç—Ñ—Ñ–µ–∫—Ç

üß© –ß—Ç–æ –≤–Ω—É—Ç—Ä–∏:
‚Äì –¶–µ–Ω—Ç—Ä: –±–∞—Ä, DJ, —Å–µ–Ω–æ, –ø–æ—é—â–∏–µ –≤–µ—Ç—Ä–∞
‚Äì –ü–µ—Ä–∏—Ñ–µ—Ä–∏—è: 6 —Ç–µ–º–∞—Ç–∏—á–µ—Å–∫–∏—Ö –∑–æ–Ω ‚Äî –∑—Ä–µ–Ω–∏–µ, –≤–∫—É—Å, —Å–ª—É—Ö, –æ—Å—è–∑–∞–Ω–∏–µ, –æ–±–æ–Ω—è–Ω–∏–µ, –∏–Ω—Ç—É–∏—Ü–∏—è
‚Äì –°—é—Ä–ø—Ä–∏–∑—ã: –≥–ª–æ—Ä–∏-—Ö–æ–ª–ª —ç–º–æ—Ü–∏–π, –∏–Ω–≤–µ—Ä—Å–∏–æ–Ω–Ω—ã–µ –æ—á–∫–∏, –±–∞—Ä-—É–≥–∞–¥–∞–π–∫–∏, –≤–∏–±—Ä–æ-–∏–Ω—Å—Ç–∞–ª–ª—è—Ü–∏–∏, —Ç–µ–∞—Ç—Ä –ø—Ä–∏–∫–æ—Å–Ω–æ–≤–µ–Ω–∏–π, –æ—Ä–∞–∫—É–ª –ø–æ–¥—Å–æ–∑–Ω–∞–Ω–∏—è üëÅ

üéØ –ß—Ç–æ –æ—Å—Ç–∞–Ω–µ—Ç—Å—è —Å —Ç–æ–±–æ–π:
–ü–∞—Å–ø–æ—Ä—Ç –æ—â—É—â–µ–Ω–∏–π —Å —Ç–µ–ª–µ—Å–Ω—ã–º –ø–æ–¥—Ç–≤–µ—Ä–∂–¥–µ–Ω–∏–µ–º: —á—Ç–æ —Ç–µ–±–µ –≤–∫—É—Å–Ω–æ, –∫–∞–∫ —Å–ª—ã—à–∏—Ç —Ç–µ–ª–æ, –∫–∞–∫–∏–µ –∑–∞–ø–∞—Ö–∏ —Ç—ã –ø–æ–º–Ω–∏—à—å, –∫–∞–∫–∏—Ö –ø—Ä–∏–∫–æ—Å–Ω–æ–≤–µ–Ω–∏–π –∏ —ç–º–æ—Ü–∏–π —Ç–µ–±–µ –Ω–µ —Ö–≤–∞—Ç–∞–µ—Ç.","–ï–∂–µ–¥–Ω–µ–≤–Ω–æ: 17:00‚Äì21:00 ‚Äî –ø—Ä–æ—Ö–æ–∂–¥–µ–Ω–∏–µ –ª–∞–±–∏—Ä–∏–Ω—Ç–∞ 6 —á—É–≤—Å—Ç–≤, —Ç–µ–∞—Ç—Ä –ø—Ä–∏–∫–æ—Å–Ω–æ–≤–µ–Ω–∏–π, —Å–µ–Ω—Å–æ—Ä–Ω—ã–µ –∏–≥—Ä—ã, –±–∞—Ä-—É–≥–∞–¥–∞–π–∫–∏, –≤–∏–±—Ä–æ-–∏–Ω—Å—Ç–∞–ª–ª—è—Ü–∏–∏ –∏ DJ-—Å–µ—Ç—ã.
–û—Å—Ç–∞–ª—å–Ω–æ–µ –≤—Ä–µ–º—è ‚Äî —á–∏–ª–ª, —à–æ—Ç—ã, –º–∞—Å—Å–∞–∂, —Å–∞–º–æ–ø–æ–≥—Ä—É–∂–µ–Ω–∏–µ –≤ –∑–æ–Ω—ã.",
Cube,@kseniasch,@raison_d3,@easmirnov,–î–∞,"–ó–µ—Ä–∫–∞–ª—å–Ω—ã–π –∫—É–±-–∫–∞–ø—Å—É–ª–∞ –¥–ª—è —Ä–µ—Ñ–ª–µ–∫—Å–∏–∏ –≤–æ –≤—Å–µ—Ö —Å–º—ã—Å–ª–∞—Ö.¬†–°–Ω–∞—Ä—É–∂–∏ ‚Äî –≥–ª–∏—Ç—á –≤ –ø—Ä–æ—Å—Ç—Ä–∞–Ω—Å—Ç–≤–µ, –ø–æ–ø—ã—Ç–∫–∞ –∑–∞–º–∞—Å–∫–∏—Ä–æ–≤–∞—Ç—å—Å—è –∏ –ø–æ–¥—Å—Ç—Ä–æ–∏—Ç—å—Å—è –ø–æ–¥ –æ–∫—Ä—É–∂–∞—é—â—É—é —Å—Ä–µ–¥—É. –í–Ω—É—Ç—Ä–∏ ‚Äî —É–±–µ–∂–∏—â–µ –æ—Ç –≤–Ω–µ—à–Ω–µ–≥–æ –º–∏—Ä–∞, –º–µ—Å—Ç–æ, –≥–¥–µ –º–æ–∂–Ω–æ –æ—Ç–∫–ª—é—á–∏—Ç—å—Å—è –æ—Ç —à—É–º–∞, —Å—É–µ—Ç—ã –∏ —Å–æ—Å—Ä–µ–¥–æ—Ç–æ—á–∏—Ç—å—Å—è –Ω–∞ —Å–≤–æ–µ–º –≤–Ω—É—Ç—Ä–µ–Ω–Ω–µ–º —Å–æ—Å—Ç–æ—è–Ω–∏–∏.",–ê—Ä—Ç –æ–±—ä–µ–∫—Ç –¥–æ—Å—Ç—É–ø–µ–Ω –≤—Å–µ–≥–¥–∞,
–õ–∏–∑–Ω—É–°–æ—Å–Ω—É,@kirainwhite,@Sharpeared,@konst54,–î–∞,"üíó‚ú®‚ú®‚ú®‚ú®‚ú® ‚ú®‚ú®‚ú®‚ú®‚ú®üíó

¬†¬† ‚ú®‚ú®‚ú®‚ú®‚ú®‚ú®
¬†¬† –•–æ—á–µ—à—å ‚Äî –ª–∏–∑–Ω—É 
¬†¬† –•–æ—á–µ—à—å ‚Äî —Å–æ—Å–Ω—É 
¬†¬† ‚ú®‚ú®‚ú®‚ú®‚ú®‚ú®

‚ù£Ô∏è –î–æ–±—Ä–æ –ø–æ–∂–∞–ª–æ–≤–∞—Ç—å –≤ –Ω–∞—à –≤–æ–ª—à–µ–±–Ω—ã–π —Å–µ–∫—Å-–ª–µ—Å, –≥–¥–µ –≤–æ–∑–º–æ–∂–Ω—ã –ª—é–±—ã–µ (–∫–æ–Ω—Å–µ–Ω—Ç–Ω—ã–µ!) —Ñ–∞–Ω—Ç–∞–∑–∏–∏. 

‚ù£Ô∏è –õ–µ—Å. –î–µ—Ä–µ–≤—å—è. –õ–µ—Ç–Ω–µ–µ –∑–≤—ë–∑–¥–Ω–æ–µ –Ω–µ–±–æ –Ω–∞–¥ –≥–æ–ª–æ–≤–æ–π. 
¬† –°—è–¥—å –Ω–∞ –ø—É—à–∏—Å—Ç—ã–π –∫–æ–≤—ë—Ä –≤ –∫—Ä—É–≥ –∫—Ä–∞—Å–∏–≤—ã—Ö –ª—é–¥–µ–π, –ø–æ–∑–≤–æ–ª—å —Å–µ–±–µ –ø—Ä–æ—Å—Ç–æ —Ä–∞—Å—Å–ª–∞–±–∏—Ç—å—Å—è –∏ –ø–æ—à–∞–ª–∏—Ç—å - —Ñ–ª–∏—Ä—Ç—É–π, —Ä–µ–∑–≤–∏—Å—å,¬† –∏–≥—Ä–∞–π –≤ –±—É—Ç—ã–ª–æ—á–∫—É –∏ –æ—Ç—Ä—ã–≤–∞–π—Å—è —Ç–∞–∫, –±—É–¥—Ç–æ —Ç–µ–±–µ —Å–Ω–æ–≤–∞ —à–µ—Å—Ç–Ω–∞–¥—Ü–∞—Ç—å. 
¬† –¶–µ–ª—É–π –Ω–µ–∑–Ω–∞–∫–æ–º—Ü–µ–≤ –∏ –¥–æ—Ä–æ–≥–∏—Ö —Å–µ—Ä–¥—Ü—É –±–ª–∏–∑–∫–∏—Ö. –†–∞—Å–∫—Ä—ã–≤–∞–π –¥—É—à—É –∏ —Ç–µ–ª–æ, —á—É–≤—Å—Ç–≤—É–π –≤–µ—Ç–µ—Ä–æ–∫ –Ω–∞ —Ä–∞–∑–≥–æ—Ä—è—á–µ–Ω–Ω–æ–π –∫–æ–∂–µ, –ª–∞—Å–∫–∞–π, –ª–∞—Å–∫–∞–π—Å—è, —ç–∫—Å–ø–µ—Ä–∏–º–µ–Ω—Ç–∏—Ä—É–π - —Å–º–µ–ª–µ–π!

–ú—ã –ø–æ–¥–≥–æ—Ç–æ–≤–∏–ª–∏ –¥–ª—è –≤–∞—Å —Å–∞–º—ã–µ —Ä–∞–∑–Ω—ã–µ –º–µ—Å—Ç–∞ –¥–ª—è —É–µ–¥–∏–Ω–µ–Ω–∏—è. –ò –Ω–µ —Ç–æ–ª—å–∫–æ —É–µ–¥–∏–Ω–µ–Ω–∏—è, if you know what I mean...

‚ù£Ô∏è–ü–∞—Ä—è—â–∏–µ –≥–∞–º–∞–∫–∏ –¥–ª—è –ª—é–±–∏—Ç–µ–ª–µ–π —Ä–æ–º–∞–Ω—Ç–∏–∫–∏ –∏ –æ—Å—Ç—Ä—ã—Ö –æ—â—É—â–µ–Ω–∏–π. 

‚ù£Ô∏è–£—é—Ç–Ω—ã–µ –≥–Ω—ë–∑–¥–∞-—à–∞—Ç—Ä—ã –¥–ª—è —É–µ–¥–∏–Ω–µ–Ω–∏—è –ø–æ–¥ –ø–æ–ª—É–ø—Ä–æ–∑—Ä–∞—á–Ω—ã–º–∏ –º–Ω–æ–≥–æ—Å–ª–æ–π–Ω—ã–º–∏ –±–∞–ª–¥–∞—Ö–∏–Ω–∞–º–∏ (–ø—Ä–∏–º–µ—Ä–Ω–æ –Ω–∞ 5 —á–µ–ª–æ–≤–µ–∫‚Ä¶ –∏–ª–∏ —Å–∫–æ–ª—å–∫–æ –≤—ã —Ç—É–¥–∞ –∑–∞—Ö–æ—Ç–∏—Ç–µ —É–º–µ—Å—Ç–∏—Ç—å!). 


–ê –≤–¥–æ–±–∞–≤–æ–∫, –º—ã –ø—Ä–∏–¥—É–º–∞–ª–∏ –ª—É—á—à–∏–µ –¥–µ—Å–µ—Ä—Ç—ã –¥–ª—è –≤–∞—Å, –≥–µ–¥–æ–Ω–∏—Å—Ç—ã!

‚ù£Ô∏è –£–ø–æ–∏—Ç–µ–ª—å–Ω—ã–π —à–∏–±–∞—Ä–∏-–ø–µ—Ä—Ñ–æ—Ä–º–∞–Ω—Å —Å –≤—ã—Å–æ—Ç–Ω—ã–º–∏ –ø–æ–¥–≤–µ—Å–∞–º–∏, –∞ –ø–æ—Å–ª–µ –Ω–µ–≥–æ ‚Äî –º–∞—Å—Ç–µ—Ä-–∫–ª–∞—Å—Å –ø–æ —à–∏–±–∞—Ä–∏. 

‚ù£Ô∏è –£–≤–ª–µ–∫–∞—Ç–µ–ª—å–Ω—ã–µ –∏ –Ω–µ–æ–±—ã—á–Ω—ã–µ –ª–µ–∫—Ü–∏–∏ –æ —Å–µ–∫—Å–µ –Ω–∞ –ª—é–±–æ–π –≤–∫—É—Å:
‚Äî –ë–î–°–ú 
‚Äî –±–∏–æ—Ö–∏–º–∏—è –±–æ–ª–∏ –∏ —É–¥–æ–≤–æ–ª—å—Å—Ç–≤–∏—è
‚Äî —á—Ç–æ –≤—ã —Å–∫–æ—Ä–µ–µ –≤—Å–µ–≥–æ –Ω–µ –∑–Ω–∞–ª–∏ –æ–± –∏—Å–ø–æ–ª—å–∑–æ–≤–∞–Ω–∏–∏ –ø—Ä–µ–∑–µ—Ä–≤–∞—Ç–∏–≤–æ–≤
‚Äî –π–æ–Ω–∏-–º–∞—Å—Å–∞–∂ –∏ —Å–∫–≤–∏—Ä—Ç (—Ä–∞—Å—Å–∫–∞–∂–µ–º –∏ –ø–æ–∫–∞–∂–µ–º)

‚ù£Ô∏è –ü–æ–∑–Ω–∞–∫–æ–º–∏–º –≤–∞—Å —Å —ç–ª–µ–∫—Ç—Ä–æ–ø–ª—ç–µ–º –∏ –Ω–∏–∑–∫–æ—Ç–µ–º–ø–µ—Ä–∞—Ç—É—Ä–Ω—ã–º–∏ —Å–≤–µ—á–∞–º–∏, –≤–æ–ª—à–µ–±–Ω–æ —Å–∏—è—é—â–∏–º–∏ –≤ —É–ª—å—Ç—Ä–∞—Ñ–∏–æ–ª–µ—Ç–µ

‚ù£Ô∏è –°–µ–Ω—Å–æ—Ä–Ω–∞—è –≤–∞–Ω–Ω–∞ —Å –≥–µ–ª–µ–≤—ã–º–∏ —à–∞—Ä–∏–∫–∞–º–∏

‚ù£Ô∏è –ß—É–≤—Å—Ç–≤–µ–Ω–Ω—ã–π —Å–µ–Ω—Å–æ—Ä–∏—É–º - –¥–ª—è —Ç–µ—Ö, –∫—Ç–æ —Ö–æ—á–µ—Ç –æ–±–Ω–∞–∂–∏—Ç—å –≤–æ—Å–ø—Ä–∏—è—Ç–∏–µ. –ó–∞–≤–µ–¥–∏ —Å–≤–æ–∏ —Ä–µ—Ü–µ–ø—Ç–æ—Ä—ã –Ω–∞ –º–∞–∫—Å–∏–º—É–º, –æ—Å—è–∑–∞–π —Å–ª—É—Ö–æ–º, —Å–ª—É—à–∞–π —Ç–µ–ª–æ–º.
¬† –¢–µ–±—è –∂–¥—É—Ç —Ä–∞–∑–Ω—ã–µ —Ç–µ–∫—Å—Ç—É—Ä—ã, —Ç–µ–º–ø–µ—Ä–∞—Ç—É—Ä—ã, –∑–∞–ø–∞—Ö–∏, —Ä–∏—Ç–º—ã, –ø—Ä–∏–∫–æ—Å–Ω–æ–≤–µ–Ω–∏—è, –≤–∏–±—Ä–∞—Ü–∏–∏, —à—ë–ø–æ—Ç—ã, –æ–∂–∏–¥–∞–Ω–∏–µ –∏ –≤–Ω–µ–∑–∞–ø–Ω–æ—Å—Ç—å
–ó–∞–∫—Ä–æ–π –≥–ª–∞–∑–∞. –í–¥–æ—Ö–Ω–∏. –û—Ç–¥–∞–π—Å—è... 

‚ù£Ô∏è –°–µ–∫—Å-–∫–≤–∏–∑ —Å –¥—É—Ä–∞—Ü–∫–∏–º–∏ –∏ —Å–ª–æ–∂–Ω—ã–º–∏ –≤–æ–ø—Ä–æ—Å–∞–º–∏, –∏–ª–∏ –ø–æ–∏–≥—Ä–∞–µ–º –≤ —Å–º–µ—à–Ω—ã–µ, –Ω–æ —É–∂–∞—Å–Ω–æ –≤–æ–∑–±—É–∂–¥–∞—é—â–∏–µ –∫–∞—Ä—Ç–æ—á–Ω—ã–µ –∏–≥—Ä—ã 

‚ù£Ô∏è –¢–∏–Ω–¥–µ—Ä –≤ —Ä–µ–∞–ª—å–Ω–æ—Å—Ç–∏ –¥–ª—è –æ–±—â–µ–Ω–∏—è –∏–ª–∏ –ø–æ–∏—Å–∫–∞ –ø–∞—Ä—Ç–Ω—ë—Ä–æ–≤

‚ù£Ô∏è –£—á–∞—Å—Ç–≤—É–π—Ç–µ –≤ —Å–æ–∑–¥–∞–Ω–∏–∏¬† –ö–∞–º–∞—Å—É—Ç—Ä—ã –í–µ—Ç–µ—Ä–∫–∞ right here, right now

‚ùá –ò–≥—Ä—ã, —á—Ç–æ–±—ã –ø–æ—á—É–≤—Å—Ç–≤–æ–≤–∞—Ç—å —Å–µ–±—è –≤–µ—á–Ω–æ –º–æ–ª–æ–¥—ã–º –≤–µ—á–Ω–æ –ø—å—è–Ω—ã–º: ""–ë—É—Ç—ã–ª–æ—á–∫–∞"", ""–§–∞–Ω—Ç—ã"", ""–ö–∏—Å–º—è—É"", ""–ü—Ä–∞–≤–¥–∞ –∏–ª–∏ –¥–µ–π—Å—Ç–≤–∏–µ 18+"" 

¬† –•–æ—Ç–∏—Ç–µ ‚Äî –ª–∏–∑–Ω—É, —Å–æ—Å–Ω—É, –Ω—É –≤—ã –ø–æ–Ω—è–ª–∏...
¬† –ú—ã –≥–æ—Ç–æ–≤–∏–º —Å–∞–º–æ–µ —Ä–∞–∑–Ω–æ–µ –Ω–∞–ø–æ–ª–Ω–µ–Ω–∏–µ, —á—Ç–æ–±—ã –≤—Å–µ –Ω–∞—à–ª–∏ —Ç–æ, —á—Ç–æ –∏—â—É—Ç!

‚ù§Ô∏è –ü—Ä–∏—Ö–æ–¥–∏, –ø–æ—á—É–≤—Å—Ç–≤—É–π, –ø–æ–∑–≤–æ–ª—å, –Ω–∞—Å–ª–∞–¥–∏—Å—å 

‚ú®¬† –ù–∞—à –∫—ç–º–ø –æ—Ç–∫—Ä—ã—Ç —Å 20:00 –¥–æ 02:00 ‚Äî –≤ —ç—Ç–æ –≤—Ä–µ–º—è –ø—Ä–æ—Ö–æ–¥—è—Ç –ø—Ä–∞–∫—Ç–∏–∫–∏ –∏ –∏–≥—Ä—ã, –∞ –≤–∞—Ö—Ç—É –Ω–µ—Å—É—Ç –æ–ø—ã—Ç–Ω—ã–µ¬† –≥—Ä–∏—Ç—Ç–µ—Ä—ã. 
¬† –í –æ—Å—Ç–∞–ª—å–Ω–æ–µ –≤—Ä–µ–º—è –ø—Ä–æ—Å—Ç—Ä–∞–Ω—Å—Ç–≤–æ –æ—Å—Ç–∞—ë—Ç—Å—è –¥–æ—Å—Ç—É–ø–Ω—ã–º –¥–ª—è —É–µ–¥–∏–Ω–µ–Ω–∏—è ‚Äî –Ω–æ –º—ã –Ω–µ –≥–∞—Ä–∞–Ω—Ç–∏—Ä—É–µ–º –Ω–∞–ª–∏—á–∏–µ —Ä–∞—Å—Ö–æ–¥–Ω–∏–∫–æ–≤ –∏ –Ω–∞–¥–µ–µ–º—Å—è –Ω–∞ –≤–∞—à–∏¬† —Å–∞–º–æ–¥–æ—Å—Ç–∞—Ç–æ—á–Ω–æ—Å—Ç—å –∏ –∞–∫–∫—É—Ä–∞—Ç–Ω–æ—Å—Ç—å 

üíã –î–æ –≤—Å—Ç—Ä–µ—á–∏ –≤ –Ω–∞—à–µ–º –ª–µ—Å–Ω–æ–º –∫–æ—Ä–æ–ª–µ–≤—Å—Ç–≤–µ —á—É–≤—Å—Ç–≤–µ–Ω–Ω–æ—Å—Ç–∏!üíã","–í–æ—Å–∫—Ä–µ—Å–µ–Ω—å–µ (1 –¥–µ–Ω—å)
19:00-20:00 –õ–µ–∫—Ü–∏—è: 
–î–æ–∫–∞–∂–µ–º, —á—Ç–æ –≤—ã –Ω–µ –≤—Å–µ –∑–Ω–∞–µ—Ç–µ –æ –ø—Ä–µ–∑–µ—Ä–≤–∞—Ç–∏–≤–∞—Ö 
20:00-21:00 –ú–∞—Å—Ç–µ—Ä-–∫–ª–∞—Å—Å: –í–∞–∫—Å–ø–ª–µ–π 
21:00-22:00 –ú–∞—Å—Ç–µ—Ä-–∫–ª–∞—Å—Å: –≠–ª–µ–∫—Ç—Ä–æ–ø–ª–µ–π
22:00-23:00¬†–ò–≥—Ä—ã 18+ 
23:00-0:00 –ò–≥—Ä—ã 18+


–ü–æ–Ω–µ–¥–µ–ª—å–Ω–∏–∫ (2 –¥–µ–Ω—å)

18:00-19:00 –õ–µ–∫—Ü–∏—è: 
–ù–µ–π—Ä–æ—Ö–∏–º–∏—è —É–¥–æ–≤–æ–ª—å—Å—Ç–≤–∏—è  
19:00-20:00 –ü–µ—Ä—Ñ–æ–º–∞–Ω—Å: 
–®–∏–±–∞—Ä–∏ –ø–æ–¥–≤–µ—Å –Ω–∞ –¥–µ—Ä–µ–≤—å—è—Ö
20:00-21:00 –ú–∞—Å—Ç–µ—Ä-–∫–ª–∞—Å—Å: –®–∏–±–∞—Ä–∏ 
21:00-22:00 –°–µ–Ω—Å–æ—Ä–∏—É–º
22:00-23:00¬†–õ–µ–∫—Ü–∏—è –∏ –º–∞—Å—Ç–µ—Ä-–∫–ª–∞—Å—Å: 
–°–∫–≤–∏—Ä—Ç –∏ –º–∞—Å—Å–∞–∂ –π–æ–Ω–∏
23:00-0:00 –ò–≥—Ä—ã+


–í—Ç–æ—Ä–Ω–∏–∫ (3 –¥–µ–Ω—å)

19:00-20:00 –õ–µ–∫—Ü–∏—è:
–ö–∞–∫ –∏ –ø–æ—á–µ–º—É —Ä–∞–±–æ—Ç–∞–µ—Ç –ë–î–°–ú
20:00-21:00 –ò–≥—Ä—ã 18+
21-23 —Å–æ–∂–∂–µ–Ω–∏–µ –ú—ç–Ω–∞",
–ü–æ–ª—è–Ω–∫–∞,@galaguzka,,@looteranka,,"–í–µ—Ç–µ—Ä –¢—Ä–∞–º–æ–Ω—Ç–∞–Ω—ã –ø—Ä–∏–Ω–µ—Å –≤ –Ω–∞—à –ª–µ—Å —Å–ø–æ—Ä—ã —É–¥–∏–≤–∏—Ç–µ–ª—å–Ω—ã—Ö —Å–æ–∑–¥–∞–Ω–∏–π.. –∏—Ö –æ–±–≤–æ–ª–∞–∫–∏–≤–∞—é—â–∏–π –º–∏—Ü–µ–ª–∏–π –∑–∞—Ö–≤–∞—Ç–∏–ª —Ü–µ–ª—É—é –ª–µ—Å–Ω—É—é –ü–æ–ª—è–Ω–∫—É üëÄ 
–í—Å—ë —Ç—É—Ç —Ç–µ–ø–µ—Ä—å –≤—Ä–∞—â–∞–µ—Ç—Å—è –≤–æ–∫—Ä—É–≥ —Ä–µ–∞–ª—å–Ω—ã—Ö, –º–∏—Å—Ç–∏—á–µ—Å–∫–∏—Ö –∏ –≤–æ–æ–±—Ä–∞–∂–∞–µ–º—ã—Ö –≥—Ä–∏–±–æ–≤ - –æ–Ω–∏ —Ç–∞–∫ –∂–∞–∂–¥—É—Ç —Å –≤–∞–º–∏ –ø–æ–¥—Ä—É–∂–∏—Ç—å—Å—è !üçÑ‚Äçüü´ 
–ê –µ—â—ë —ç—Ç–æ –ø—Ä–æ—Å—Ç—Ä–∞–Ω—Å—Ç–≤–æ –¥–ª—è –º–µ–¥–∏—Ç–∞—Ç–∏–≤–Ω–æ–≥–æ —á–∏–ª–∞—É—Ç–∞  –≤ –µ–¥–∏–Ω–µ–Ω–∏–∏ —Å –ø—Ä–∏—Ä–æ–¥–æ–π, –≥–¥–µ –Ω–∞ –∫–∞–∂–¥–æ–º —à–∞–≥—É –≤–∞—Å –∂–¥—É—Ç –Ω–æ–≤—ã–µ –≤–ø–µ—á–∞—Ç–ª–µ–Ω–∏—è –∏ —ç–∫—Å–ø–µ—Ä–∏–º–µ–Ω—Ç—ã ü´ü

üé¨ –ù–æ—á–Ω–æ–π –∫–∏–Ω–æ—Ç–µ–∞—Ç—Ä, –≥–¥–µ –≤—ã –Ω–∞–π–¥–µ—Ç–µ –Ω–µ—Ç—Ä–∏–≤–∏–∞–ª—å–Ω—É—é –∞–Ω–∏–º–∞—Ü–∏—é , –¥–æ–≤–æ–ª—å–Ω–æ –≤–ø–µ—á–∞—Ç–ª—è—é—â–∏–µ –∏ –ø–æ—Ä–æ–π —Å—Ç—Ä–∞–Ω–Ω—ã–µ –∫–∏–Ω–æ–∫–∞—Ä—Ç–∏–Ω—ã, –∞ —Ç–∞–∫–∂–µ –Ω–µ–∫–æ—Ç–æ—Ä—ã–µ –¥–æ–∫—É–º–µ–Ω—Ç–∞–ª—å–Ω—ã–µ —à–µ–¥–µ–≤—Ä—ã 

ü´ñ –õ–µ—Å–Ω–æ–π –¢–∏–ø–ø–∏ , –≥–¥–µ –º–∞—Å—Ç–µ—Ä –±–µ—Ä–µ–∂–Ω–æ –Ω–∞–∫—Ä—ã–≤–∞–µ—Ç –æ–¥–µ—è–ª–æ–º –∏–∑ —á–∞–π–Ω—ã—Ö —Å–æ—Å—Ç–æ—è–Ω–∏–π –∏ –Ω–µ—Å–ø–µ—à–Ω—ã—Ö –±–µ—Å–µ–¥ 

ü™Ñ –ö—Ä–∞—Ñ—Ç - —Å—Ç–∞–Ω—Ü–∏—è , –≥–¥–µ –º–æ–∂–Ω–æ –≤—ã–≥—É–ª—è—Ç—å —Å–≤–æ–µ–≥–æ —Ç–≤–æ—Ä—Ü–∞ . –ü—Ä–∏–¥—É–º–∞—Ç—å —Å–≤–æ–µ–≥–æ —Å–ª–∏–∑–Ω—è , –Ω–∞—Ä–∏—Å–æ–≤–∞—Ç—å —Ç–æ—Ç–µ–º–Ω–æ–≥–æ –∂—É–∫–∞ , —Å–æ–∑–¥–∞—Ç—å –¥–∏—Å–∫–æ–≥—Ä–∏–± –∏ –±–æ—Ç–∞–Ω–∏—á–µ—Å–∫–∏–π —Å—Ç–∏–∫–µ—Ä–ø–∞–∫ 

üçπ–ë–∞—Ä –ø–æ–¥ –≥—Ä–∏–±–æ–º —É–¥–∏–≤–∏—Ç —Å–µ–ª–µ–∫—Ü–∏–µ–π –∂–∏–¥–∫–∏—Ö —ç–∫—Å—Ç—Ä–∞–∫—Ç–æ–≤ –∏ —Å—ã—Ç–Ω—ã–º–∏  —Å–ø—ç—à–ª-–ø–æ–ª–¥–Ω–∏–∫–∞–º–∏ 

üíÉüèª–ì—Ä–∏–±–Ω–∞—è –∫–æ—Å—Ç—é–º–µ—Ä–Ω–∞—è , –≥–¥–µ –º–æ–∂–Ω–æ –ø–æ—Ç–µ—Ä—è—Ç—å—Å—è –∏ –Ω–∞–π—Ç–∏ —Å–µ–±—è –∑–∞–Ω–æ–≤–æ. –í–æ–∑–º–æ–∂–Ω–æ, –≤ —á–µ–º-—Ç–æ –º–æ—Ö–Ω–∞—Ç–æ–º, –±–ª–µ—Å—Ç—è—â–µ–º –∏–ª–∏ —Å–≤–µ—Ç—è—â–µ–º—Å—è .. –∞ –º–æ–∂–µ—Ç –∏ –ø—Ä–æ—Å—Ç–æ —Å–µ–±—è –∏ —Å–≤–æ—ë –∏—Å—Ç–∏–Ω–Ω–æ–µ –æ–±–ª–∏—á–∏–µ

ü™æ–û—Ä–≥–∞–Ω–∏—á–µ—Å–∫–∏–π —Å–≤–æ–ø –∫–æ—Ä—è–≥ –∏ –æ–∫–∞–º–µ–Ω–µ–ª–æ—Å—Ç–µ–π, –≥–¥–µ –º–æ–∂–Ω–æ –ø–æ–º–µ–Ω—è—Ç—å —Å–≤–æ–∏ –∞—Ö—É–µ–Ω–Ω—ã–µ –ø–∞–ª–∫–∏ –∏ –∫–∞–º–Ω–∏ –Ω–∞ –µ—â—ë –±–æ–ª–µ–µ –∞—Ö—É–µ–Ω–Ω—ã–µ ! –ü—Ä–∏–≤–æ–∑–∏ –Ω–∞ –í–µ—Ç–µ—Ä–æ–∫ —Å–≤–æ—é –∫–æ–ª–ª–µ–∫—Ü–∏—é –∏ —Å—Ç–∞–Ω—å —á–∞—Å—Ç—å—é —ç—Ç–æ–≥–æ –∫—Ä—É–≥–æ–≤–æ—Ä–æ—Ç–∞

üçú –ê –µ—â—ë –æ–Ω–∏ –ø—Ä–∏–≥–æ—Ç–æ–≤–∏–ª–∏ –¥–ª—è —Ç–µ–±—è –≥—Ä–∏–±–Ω–æ–π —Å—é—Ä–ø—Ä–∏–∑ - –ø—Ä–∏—Ö–æ–¥–∏ –≤ –ø–µ—Ä–≤—É—é –ø–æ–ª–Ω–æ—á—å —Å–æ —Å–≤–æ–µ–π —Ç–∞—Ä–µ–ª–∫–æ–π –∏ –ª–æ–∂–∫–æ–π ! 
 
–í —ç—Ç–æ–π –ª–µ—Å–Ω–æ–π —á–∞—â–µ —Ö–æ–¥–∏—Ç –ª–µ–≥–µ–Ω–¥–∞ ‚Ä¶ –±—É–¥—Ç–æ —Å –Ω–∞—Å—Ç—É–ø–ª–µ–Ω–∏–µ–º –Ω–æ—á–∏ –≥—Ä–∏–±—ã —É—Ö–æ–¥—è—Ç –∏—Å–∫–∞—Ç—å –∑–∞–ø–ª—É—Ç–∞–≤—à–∏—Ö –≥—Ä–∏–±–Ω–∏–∫–æ–≤ ‚Ä¶ –∞ –º–æ–∂–µ—Ç –∏ —Ç—ã –æ–¥–∏–Ω –∏–∑ –Ω–∏—Ö? üë£","13.07:
19:00 - 21:00 (–¢–∏–ø–ø–∏) –ß–∞–π–Ω–æ–µ –ø—Ä–∏–≤–µ—Ç—Å—Ç–≤–∏–µ –æ—Ç –º–∞—Å—Ç–µ—Ä–∞ ‚òïÔ∏è 
21:00- 22:00 (–ë–∞—Ä) –û—Ç–∫—Ä—ã—Ç–∏–µ –∏ –ø—Ä–µ–∑–µ–Ω—Ç–∞—Ü–∏—è –≥—Ä–∏–±–Ω—ã—Ö –Ω–∞–ø–∏—Ç–∫–æ–≤ üçπ 
22:00 - 23:00 –ê –∫—É–¥–∞ —É—à–ª–∏ –≥—Ä–∏–±—ã ? üçÑ‚Äçüü´ 

14.07:
00:00 - 01:00 (–ë–∞—Ä) –ü–æ–ª–Ω–æ—á–Ω—ã–π —Å—É–ø ! üíò
00:00 - 3:00 –ì—Ä–∏–±–Ω–æ–π –∫–∏–Ω–æ—Ç–µ–∞—Ç—Ä üëÄ 
00:00 - 3:00 (–ë–∞—Ä) –ì—Ä–∏–±–Ω—ã–µ  –Ω–∞–ø–∏—Ç–∫–∏ üç∏ 
01:00 - 3:00 (–¢–∏–ø–ø–∏) –ù–æ—á–Ω–∞—è —á–∞–π–Ω–∞—è —Ü–µ—Ä–µ–º–æ–Ω–∏—è ü´ñ 
12:00 - 13:00 (–ë–∞—Ä) –ë–æ–¥—Ä—ã–π –∫–æ—Ñ–∏–π –ø–æ–¥ –≥—Ä–∏–±–æ–º üçÑ 
12:00 - 14:00 (–¢–∏–ø–ø–∏) –£—Ç—Ä–µ–Ω–Ω–∏–π —á–∞–π–Ω—ã–π –º–æ—Ä–Ω–∏–Ω–≥ ‚òïÔ∏è 
13:00 - 15:00  (–®–∞—Ç–µ—Ä) –ú–∞—Å—Ç–µ—Ä -–∫–ª–∞—Å—Å  Buddy - –°–ª–∏–∑–µ–Ω—å üíû
13:00 -15:00 (–ë–∞—Ä)  –∫–æ–º–±—É—á–∞ + tea to go  üçπ 
15:00 - 16:0 ( –ë–∞—Ä) –ì—Ä–∏–±–Ω–æ–π –ø–æ–ª–¥–Ω–∏–∫ ü•ò 
16:00 - 18:00 (–®–∞—Ç–µ—Ä) –º–∞—Å—Ç–µ—Ä -–∫–ª–∞—Å—Å  –î–∏—Å–∫–æ–≥—Ä–∏–± ü™© 
16:00 - 18:00 (–ë–∞—Ä) –∫–æ–º–±—É—á–∞ + tea to go üçπ
16:00 - 18:00 (–¢–∏–ø–ø–∏) –¶–µ—Ä–µ–º–æ–Ω–∏—è + –ì—Ä–∏–±–Ω—ã–µ —à–∞—Ö–º–∞—Ç—ã –¢–£–†–ù–ò–† ‚ôüÔ∏è 
22:00 - 23:00 –ê –∫—É–¥–∞ —É—à–ª–∏ –≥—Ä–∏–±—ã ?  üçÑ‚Äçüü´ 
23:00 - 4:00  –ì—Ä–∏–±–Ω–æ–π –∫–∏–Ω–æ—Ç–µ–∞—Ç—Ä üëÄ
23:00 - 4:00 (–ë–∞—Ä) –ì—Ä–∏–±–Ω—ã–µ  –Ω–∞–ø–∏—Ç–∫–∏ üç∏

15:07:
00:00 - 2:00 (–¢–∏–ø–ø–∏) –ù–æ—á–Ω–∞—è —á–∞–π–Ω–∞—è —Ü–µ—Ä–µ–º–æ–Ω–∏—è ü´ñ 
12:00 - 13:00 (–ë–∞—Ä) –ë–æ–¥—Ä—ã–π –∫–æ—Ñ–∏–π –ø–æ–¥ –≥—Ä–∏–±–æ–º üçÑ 
12:00 - 14:00 (–¢–∏–ø–ø–∏) –£—Ç—Ä–µ–Ω–Ω–∏–π —á–∞–π–Ω—ã–π –º–æ—Ä–Ω–∏–Ω–≥ ‚òïÔ∏è 
13:00‚Äì15:00 (–®–∞—Ç–µ—Ä) –ú–∞—Å—Ç–µ—Ä-–∫–ª–∞—Å—Å DIY –°—Ç–∏–∫–µ—Ä—ã ü´ü
13:00 -15:00 (–ë–∞—Ä)  –∫–æ–º–±—É—á–∞ + tea to go  üçπ 
15:00 - 16:0 ( –ë–∞—Ä) –ì—Ä–∏–±–Ω–æ–π –ø–æ–ª–¥–Ω–∏–∫ ü•ò 
16:00 - 18:00 (–®–∞—Ç–µ—Ä) –ú–∞—Å—Ç–µ—Ä-–∫–ª–∞—Å—Å –¢–æ—Ç–µ–º–Ω—ã–π –∂—É–∫ –Ω–∞ —Å–ø–∏–ª–µ ü™≤
16:00 - 18:00 (–ë–∞—Ä) –∫–æ–º–±—É—á–∞ + tea to go üçπ
16:00 - 18:00 (–¢–∏–ø–ø–∏) –¶–µ—Ä–µ–º–æ–Ω–∏—è + –ì—Ä–∏–±–Ω—ã–µ —Ç–∞—Ç—É–∏—Ä–æ–≤–∫–∏ üñ§ 
22:00 - 23:00 –ê –∫—É–¥–∞ —É—à–ª–∏ –≥—Ä–∏–±—ã ?  üçÑ‚Äçüü´ 
23:00 - 4:00  –ì—Ä–∏–±–Ω–æ–π –∫–∏–Ω–æ—Ç–µ–∞—Ç—Ä üëÄ
23:00 - 4:00 (–ë–∞—Ä) –ì—Ä–∏–±–Ω—ã–µ  –Ω–∞–ø–∏—Ç–∫–∏ üç∏

16.07
00:00 - 2:00 (–¢–∏–ø–ø–∏) –ù–æ—á–Ω–∞—è —á–∞–π–Ω–∞—è —Ü–µ—Ä–µ–º–æ–Ω–∏—è ü´ñ",
GANZI,@bvs707,@nicksolfix,@PaulineRoonna,–î–∞,"–ö–µ–º–ø Ganzi (·Éí·Éê·Éú·É´·Éò) ‚Äî –º–µ—Å—Ç–æ –¥–ª—è —Ç–µ—Ö, –∫—Ç–æ —Ü–µ–Ω–∏—Ç –Ω–∞—Å—Ç–æ—è—â–µ–µ.
–°–ª–æ–≤–æ Ganzi –ø–µ—Ä–µ–≤–æ–¥–∏—Ç—Å—è –∫–∞–∫ ¬´—Å–æ–∫—Ä–æ–≤–∏—â–µ¬ª ‚Äî —Ç–æ, —á—Ç–æ –º—ã —á–∞—Å—Ç–æ –∏—â–µ–º —Å–Ω–∞—Ä—É–∂–∏, –Ω–µ –∑–∞–º–µ—á–∞—è, —á—Ç–æ –æ–Ω–æ —É–∂–µ –≤–Ω—É—Ç—Ä–∏ –Ω–∞—Å.

–≠—Ç–æ –Ω–µ –ø—Ä–æ—Å—Ç–æ –∫–µ–º–ø, –∞ —Ç–æ—á–∫–∞ –ø—Ä–∏—Ç—è–∂–µ–Ω–∏—è –¥–ª—è —Ç–µ—Ö, –∫—Ç–æ —Ö–æ—á–µ—Ç –≤–µ—Ä–Ω—É—Ç—å—Å—è –∫ —Å–µ–±–µ, –ø–æ—á—É–≤—Å—Ç–≤–æ–≤–∞—Ç—å —Å–∏–ª—É –∏ –≤—Å—Ç—Ä–µ—Ç–∏—Ç—å –±–ª–∏–∑–∫–∏—Ö –ø–æ –¥—É—Ö—É.
–ó–¥–µ—Å—å –¥–µ–ª—è—Ç—Å—è –≤–Ω–∏–º–∞–Ω–∏–µ–º, —Ç–µ–ø–ª–æ–º –∏ –∑–∞–±–æ—Ç–æ–π ‚Äî —â–µ–¥—Ä–æ –∏ –∏—Å–∫—Ä–µ–Ω–Ω–µ, –∫–∞–∫ —Å–∞–º—ã–º –¥–æ—Ä–æ–≥–∏–º.
–≠—Ç–æ —É–≥–æ–ª–æ–∫, –≥–¥–µ –∏—â–µ—à—å –º–µ–¥—å, –∞ –æ–±—Ä–µ—Ç–∞–µ—à—å –∑–æ–ª–æ—Ç–æ.

Ganzi ‚Äî –æ—Å—Ç—Ä–æ–≤ –∏—Å–∫—Ä–µ–Ω–Ω–µ–≥–æ –≥–æ—Å—Ç–µ–ø—Ä–∏–∏–º—Å—Ç–≤–∞:
 ‚Ä¢ —á–∞–π–Ω–∞—è –∑–æ–Ω–∞ –¥–ª—è –Ω–µ—Å–ø–µ—à–Ω—ã—Ö —Ä–∞–∑–≥–æ–≤–æ—Ä–æ–≤
 ‚Ä¢ —É—é—Ç–Ω—ã–π –∫–∞–ª—å—è–Ω
 ‚Ä¢ –±–∞—Ä —Å –≤–∏–Ω–æ–º –∏ –∫–æ–∫—Ç–µ–π–ª—è–º–∏
 ‚Ä¢ —Ç–∞–Ω—Ü–ø–æ–ª —Å —Ö–æ—Ä–æ—à–∏–º –∑–≤—É–∫–æ–º –∏ –æ—Ç–ª–∏—á–Ω—ã–º–∏ –¥–∏–¥–∂–µ—è–º–∏

–°–º–µ—è—Ç—å—Å—è, –º–æ–ª—á–∞—Ç—å, —Ç–∞–Ω—Ü–µ–≤–∞—Ç—å, —Å–∏–¥–µ—Ç—å —É –∫–æ—Å—Ç—Ä–∞, –ø—Ä–æ—Å—Ç–æ –±—ã—Ç—å ‚Äî –∑–¥–µ—Å—å —Ç–µ–±–µ —Ä–∞–¥—ã.
–î–æ–±—Ä–æ –ø–æ–∂–∞–ª–æ–≤–∞—Ç—å –¥–æ–º–æ–π ‚Äî –≤ –∫–µ–º–ø Ganzi.","‚è∞ –†–∞—Å–ø–∏—Å–∞–Ω–∏–µ –∞–∫—Ç–∏–≤–Ω–æ—Å—Ç–∏ –≤ Ganzi Camp
(–º–∞–∫—Å–∏–º–∞–ª—å–Ω–æ —Ç–æ—á–Ω–æ–µ, –Ω–æ –æ—Å—Ç–∞–≤–ª—è—é—â–µ–µ –º–µ—Å—Ç–æ –¥–ª—è –º–∞–≥–∏–∏)

‚Äî –ë–∞—Ä —Ä–∞–±–æ—Ç–∞–µ—Ç —Å 18:00 –¥–æ 00:00 ‚Äî –≤–µ—á–µ—Ä–Ω–∏–µ –∫–æ–∫—Ç–µ–π–ª–∏, –¥–æ–º–∞—à–Ω–µ–µ –≤–∏–Ω–æ –∏ —Ä–∞–∑–≥–æ–≤–æ—Ä—ã –ø–æ–¥ –∑–∞–∫–∞—Ç
‚Äî –ú—É–∑—ã–∫–∞ —Å 20:00 –¥–æ 06:00 ‚Äî –Ω–∞—à —Ç–∞–Ω—Ü–ø–æ–ª –æ–∂–∏–≤–∞–µ—Ç —Å –Ω–∞—Å—Ç—É–ø–ª–µ–Ω–∏–µ–º —Ç–µ–º–Ω–æ—Ç—ã –∏ –∫–∞—á–∞–µ—Ç –¥–æ –ø–µ—Ä–≤—ã—Ö –ª—É—á–µ–π
‚Äî –ß–∞–π–Ω–∞—è —Å 14:00 –¥–æ 22:00 ‚Äî –∫–∞–∂–¥—ã–π —á–∞—Å —Ü–µ—Ä–µ–º–æ–Ω–∏—è –Ω–æ–≤–æ–≥–æ —á–∞—è, –∞ –µ—â—ë ‚Äî —Ç–∞–π–Ω—ã–µ –∞–∫—Ç–∏–≤–Ω–æ—Å—Ç–∏, –æ –∫–æ—Ç–æ—Ä—ã—Ö –∑–Ω–∞—é—Ç —Ç–æ–ª—å–∫–æ —Ç–µ, –∫—Ç–æ –æ–∫–∞–∂–µ—Ç—Å—è —Ä—è–¥–æ–º
‚Äî –ö–æ—Å—Ç—Ä–∏—â–µ ‚Äî –∫–∞–∂–¥—É—é –Ω–æ—á—å –º–µ—Å—Ç–æ —Å–∏–ª—ã, —Ç–µ–ø–ª–∞ –∏ –æ–±–º–µ–Ω–∞ –Ω–∞—Å—Ç–æ—è—â–∏–º

üî• –¶–µ—Ä–µ–º–æ–Ω–∏—è —Å–æ–∂–∂–µ–Ω–∏—è ‚Äî –≤–µ—á–µ—Ä–æ–º 16 –∏—é–ª—è
–í —ç—Ç–æ—Ç –≤–µ—á–µ—Ä –º—ã —Å–æ–∂–∂—ë–º –§–µ–Ω–∏–∫—Å–∞ ‚Äî —Å–∏–º–≤–æ–ª –≤–æ–∑—Ä–æ–∂–¥–µ–Ω–∏—è, —Å–∏–ª—ã –∏ —Å–≤–æ–±–æ–¥—ã. –í–º–µ—Å—Ç–µ —Å –Ω–∏–º —Å–≥–æ—Ä–∏—Ç –¥–µ—Ä–µ–≤–æ —Å –ø–æ–∂–µ–ª–∞–Ω–∏—è–º–∏, –Ω–∞ –∫–æ—Ç–æ—Ä–æ–º –±—É–¥—É—Ç –∑–∞–ø–∏—Å–∫–∏, —á—É–≤—Å—Ç–≤–∞, –≤–æ—Å–ø–æ–º–∏–Ω–∞–Ω–∏—è –∏ —Ç–æ, —á—Ç–æ –∫–∞–∂–¥—ã–π –≥–æ—Ç–æ–≤ –æ—Ç–ø—É—Å—Ç–∏—Ç—å. –≠—Ç–æ –±—É–¥–µ—Ç –∫—Ä–∞—Å–∏–≤–æ, –≥–ª—É–±–æ–∫–æ –∏ –ø–æ-–Ω–∞—Å—Ç–æ—è—â–µ–º—É.

üé≠ –î–Ω—ë–º ‚Äî –≤–æ–∑–º–æ–∂–Ω–æ, –ø—Ä–∞–∫—Ç–∏–∫–∏, –º–∞—Å—Ç–µ—Ä-–∫–ª–∞—Å—Å—ã –∏ —Å–ø–æ–Ω—Ç–∞–Ω–Ω—ã–µ –ø–µ—Ä—Ñ–æ—Ä–º–∞–Ω—Å—ã. –û–ø–æ–≤–µ—â–µ–Ω–∏—è –±—É–¥—É—Ç –≤ —Ä–∞—Ü–∏—è—Ö –∏ —á–µ—Ä–µ–∑ –Ω–∞—à–µ –∂–∏–≤–æ–µ —Ä–∞–¥–∏–æ.

üå¨Ô∏è –ê –µ—â—ë ‚Äî –∫ –Ω–∞–º –≤—Å–µ–≥–¥–∞ –º–æ–∂–Ω–æ –ø—Ä–æ—Å—Ç–æ –ø—Ä–∏–π—Ç–∏. –ë–µ–∑ –ø—Ä–∏—á–∏–Ω—ã. –ü–æ—á–∏–ª–ª–∏—Ç—å –¥–Ω—ë–º, –ø–æ—Å–∏–¥–µ—Ç—å —É –∫–æ—Å—Ç—Ä–∞ –Ω–æ—á—å—é. –£ –Ω–∞—Å –≤—Å–µ–≥–¥–∞ –æ—Ç–∫—Ä—ã—Ç–æ. –í—Å–µ–≥–¥–∞ –ø–æ –ª—é–±–≤–∏.",
–ê—Ä–µ–≤–∏–∫ (–°–æ–ª–Ω—ã—à–∫–æ),@Gavrila_Tzap,@MarishPlohish,@AlikBurner,–î–∞,"–ö–∞–∂–¥—É—é –Ω–æ—á—å –°–æ–ª–Ω—ã—à–∫–æ –æ–ø—É—Å–∫–∞–µ—Ç—Å—è –Ω–∞ –ø–ª–∞—é, —á—Ç–æ–±—ã –ø–æ–¥–∞—Ä–∏—Ç—å –≤—Å–µ–º –∂–µ–ª–∞—é—â–∏–º –ø—Ä–∏–∫–æ—Å–Ω–æ–≤–µ–Ω–∏–µ –∫ —Å–≤–µ—Ç—É. –í –≤–µ—á–µ—Ä–Ω–∏—Ö  —Å—É–º–µ—Ä–∫–∞—Ö –ñ—Ä–∏—Ü—ã —Å–æ–ª—è—Ä–Ω–æ–≥–æ –∫—É–ª—å—Ç–∞ –ø—Ä–æ–≤–æ–¥—è—Ç —Ä–∏—Ç—É–∞–ª—ã –ø–æ–∫–ª–æ–Ω–µ–Ω–∏—è –Ω–µ–±–µ—Å–Ω–æ–º—É –æ–≥–Ω—é, –∞ –û–ø–µ—Ä–∞—Ç–æ—Ä—ã —Ñ–æ—Ç–æ–Ω–æ–≤ –ø–æ–º–æ–≥–∞—é—Ç —É–ø—Ä–∞–≤–ª—è—Ç—å –ø—Ä–æ—Ç—É–±–µ—Ä–∞–Ω—Ü–∞–º–∏. –í–Ω—É—Ç—Ä–∏ –°–æ–ª–Ω–µ—á–Ω–æ–≥–æ –∫—É–ø–æ–ª–∞ –≤—Å—é –Ω–æ—á—å –º–æ–∂–Ω–æ –∏–≥—Ä–∞—Ç—å —Å –∏–Ω—Ç–µ—Ä–∞–∫—Ç–∏–≤–Ω—ã–º–∏ –∞—Ä—Ç-–æ–±—ä–µ–∫—Ç–∞–º–∏, –≤–µ—Å—Ç–∏ –±–µ—Å–µ–¥—ã –æ –ø—Ä–∏—Ä–æ–¥–µ —Å–≤–µ—Ç–∞, –∫—Ä–∞—Ñ—Ç–∏—Ç—å –ª–∞–º–ø—ã –∏ —Å–æ–∑–¥–∞–≤–∞—Ç—å —Ñ–æ—Ç–æ–≥—Ä–∞–º–º—ã –ø–æ–¥ —É–ª—å—Ç—Ä–∞—Ñ–∏–æ–ª–µ—Ç–æ–º, –∞ –ø–æ–¥ —É—Ç—Ä–æ —É—á–∞—Å—Ç–≤–æ–≤–∞—Ç—å –≤ —Ä–∏—Ç—É–∞–ª—å–Ω—ã—Ö –º–µ–¥–∏—Ç–∞—Ü–∏—è—Ö, –Ω–µ—Å–ø–µ—à–Ω–æ –ª—é–±—É—è—Å—å —Ä–∞—Å—Å–≤–µ—Ç–æ–º –Ω–∞ —Ä–∞—Å—Å—Ç–æ—è–Ω–∏–∏ –≤—ã—Ç—è–Ω—É—Ç–æ–π —Ä—É–∫–∏.",,
–ë–æ–π—Ü–æ–≤—Å–∫–∏–π –∫–ª—É–±,@NikitaPankin,,@moorzeena,–î–∞,"–ú—ã –ö–µ–º–ø –ë–æ–π—Ü–æ–≤—Å–∫–∏–π –∫–ª—É–±- –Ω–∞ –≤–µ—Ç–µ—Ä–æ–∫ –º—ã –≤–µ–∑–µ–º –∞–∫—Ç–∏–≤–Ω–æ—Å—Ç—å –ü–µ—Å–Ω—å –æ –ù—å—é–±–µ–ª—É–Ω–≥–∞—Ö- –≤–µ–∑–¥–µ –∫—É–¥–∞ –º—ã –ø—Ä–∏—Ö–æ–¥–∏–º –Ω–∞—á–∏–Ω–∞–µ—Ç—Å—è –ø—Ä–∏–∫–ª—é—á–µ–Ω–∏–µ, –º—ã –Ω–µ—Å–µ–º —Å —Å–æ–±–æ–π –≤–∞–π–± –†—ã—Ü–∞—Ä—Å–∫–æ–π —Ä–æ–º–∞–Ω—Ç–∏–∫–∏, –∏ –º–∞–≥–∏—é —Å—Ä–µ–¥–Ω–µ–≤–µ–∫–æ–≤—å—è. –ù–∞—à–µ –¥–∞—Ä–µ–Ω–∏–µ- —ç—Ç–æ –ª–µ–≥–µ–Ω–¥–∞—Ä–Ω—ã–µ –≤–ø–µ—á–∞—Ç–ª–µ–Ω–∏—è, –∏ —É–Ω–∏–∫–∞–ª—å–Ω–∞—è –≤–æ–∑–º–æ–∂–Ω–æ—Å—Ç—å –ø–æ—á—É–≤—Å—Ç–≤–æ–≤–∞—Ç—å —Å–µ–±—è –ø–µ—Ä—Å–æ–Ω–∞–∂–µ–º —Å–ª–∞–≤–Ω–æ–π —Å–∞–≥–∏!","17:00-19:00 –±—É–¥–µ–º —É—Å—Ç—Ä–∞–∏–≤–∞—Ç—å –∫–≤–µ—Å—Ç—ã –∏ –∏–≥—Ä—ã –¥–ª—è –≤—Å–µ—Ö –∂–µ–ª–∞—é—â–∏—Ö, –ª–æ–≤–∏—Ç—å –ø—Ä–∞–∑–¥–Ω–æ –≥—É–ª—è—é—â–∏—Ö –∏ –≤–æ–≤–ª–µ–∫–∞—Ç—å –∏—Ö –≤ —ç–ø–∏—á–µ—Å–∫–æ–µ –ø—Ä–∏–∫–ª—é—á–µ–Ω–∏–µ
19:00 –±—É–¥–µ–º –ø—Ä–æ–≤–æ–¥–∏—Ç—å –∏—Å–ø—ã—Ç–∞–Ω–∏–µ –¥–Ω—è- —Ç—É—Ä–Ω–∏—Ä –ø–æ —Ñ–µ—Ö—Ç–æ–≤–∞–Ω–∏—é, —Å–æ—Å—Ç—è–∑–∞–Ω–∏–µ –±–∞—Ä–¥–æ–≤, –∏–ª–∏ –∫—Ä—É–≥ –∏–≥—Ä
20:00 –∞ —Ç–æ—á–Ω–µ–µ –Ω–∞ –∑–∞–∫–∞—Ç–µ –±—É–¥–µ–º —É—Å—Ç—Ä–∞–∏–≤–∞—Ç—å –ø–∏—Ä –≥–µ—Ä–æ–µ–≤, —É–≥–æ—â–∞—Ç—å –≤—Å–µ—Ö –º–µ–¥–æ–º –∏ –≤–∏–Ω–æ–º, –∏ –¥–µ–ª–∏—Ç—å—Å—è –∏—Å—Ç–æ—Ä–∏—è–º–∏ –∏ —Å–ø–ª–µ—Ç–Ω—è–º–∏, –Ω–æ—á—å—é –∫–∞–∂–¥—ã–π –∏–∑ –Ω–∞—Å –º–æ–∂–µ—Ç –≤—ã–¥–∞—Ç—å –ª—é–±–æ–º—É –≤—Å—Ç—Ä–µ—á–Ω–æ–º—É –æ—Å–æ–±–æ–µ –∑–∞–¥–∞–Ω–∏–µ —Å–≤—è–∑–∞–Ω–Ω–æ–µ —Å –¥—Ä—É–≥–∏–º–∏ —É—á–∞—Å—Ç–Ω–∏–∫–∞–º–∏ –∏–ª–∏ –∫–µ–º–ø–∞–º–∏, –∑–∞ –∫–æ—Ç–æ—Ä–æ–µ, –∫–∞–∫ –∏ –∑–∞ –≤—Å—è–∫–∏–π –∫–≤–µ—Å—Ç –ø–æ–ª–∞–≥–∞–µ—Ç—Å—è —Ü–∞—Ä—Å–∫–∞—è –Ω–∞–≥—Ä–∞–¥–∞, –∏ –≤ –ø—Ä–æ–º–µ–∂—É—Ç–∫–∞—Ö –º–µ–∂–¥—É —à–∏—Ñ—Ç–∞–º–∏ –±—É–¥–µ–º —Ä–∞–∑–Ω–æ—Å–∏—Ç—å –Ω–æ–≤–æ—Å—Ç–∏ –ø–æ–ª—è, –æ–±–ª–µ–∫–∞—è –∏—Ö –≤ —Å—Ç–∏—Ö–æ—Ç–≤–æ—Ä–Ω—É—é —Ñ–æ—Ä–º—É –∏ –¥–µ–ª–∞—è –º–∏–ª—É—é –±–∞–π–∫—É- —ç–ø–∏—á–µ—Å–∫–æ–π —Å–∞–≥–æ–π",
–ò–Ω–¥–µ–π—Å–∫–æ–µ –ª–µ—Ç–æ,@vteploo,@prosto_smile,@prosto_smile,–î–∞,"–ò–Ω–¥–µ–π—Å–∫–æ–µ –ª–µ—Ç–æ

–£–∫—Ä–æ–º–Ω—ã–π —Å–∫–∞–∑–æ—á–Ω—ã–π —É–≥–æ–ª–æ–∫, —Å–ø—Ä—è—Ç–∞–Ω–Ω—ã–π –æ—Ç —à—É–º–Ω–æ–≥–æ —Ñ–µ—Å—Ç–∏–≤–∞–ª—è –≤ –≤–µ—Ç–≤—è—Ö –¥–µ—Ä–µ–≤—å–µ–≤. –í—Ä–∞—Ç–∞ –∏–∑ –∫–æ—Ä—è–≥ –±—É–¥—Ç–æ –º–∞–Ω—è—Ç –≤ –º–∏—Ä —Å–≤–µ—Ç–ª–æ–π –º—É–¥—Ä–æ—Å—Ç–∏ –∏ –∫–æ–Ω—Ç–∞–∫—Ç–∞ —Å –ø—Ä–∏—Ä–æ–¥–æ–π. –í—Ö–æ–¥—è –≤ —Ç–∏–ø–∏, –ø–æ–ø–∞–¥–∞–µ—à—å –≤ —É—é—Ç–Ω–æ–µ, –Ω–æ —Ç–∞–∏–Ω—Å—Ç–≤–µ–Ω–Ω–æ–µ –ø—Ä–æ—Å—Ç—Ä–∞–Ω—Å—Ç–≤–æ. –ó–∞–ø–∞—Ö –ø—Ä—è–Ω—ã—Ö —Ç—Ä–∞–≤, –ø—Ä–∏–≥–ª—É—à—ë–Ω–Ω—ã–π —Å–≤–µ—Ç, —É–∑–æ—Ä—ã-–æ–±–µ—Ä–µ–≥–∏ –Ω–∞ —Å—Ç–µ–Ω–∞—Ö - –≤—Å—ë –ø—Ä–æ–ø–∏—Ç–∞–Ω–æ –ø—Ä–∏—Å—É—Ç—Å—Ç–≤–∏–µ–º –¥—É—Ö–æ–≤ –ª–µ—Å–∞ –∏ –¥–æ–º–∞—à–Ω–µ–≥–æ –æ—á–∞–≥–∞. –•–æ–∑—è–∏–Ω –≤—Å—Ç—Ä–µ—á–∞–µ—Ç –∏ –ø—Ä–∏–≥–ª–∞—à–∞–µ—Ç —Å–µ—Å—Ç—å –≤ –∫—Ä—É–≥ - –∏—Å–ø—Ä–æ–±–æ–≤–∞—Ç—å –∑–∞–≥–∞–¥–æ—á–Ω—ã–µ —è—Å—Ç–≤–∞ –∏ —Ä–∞—Å—Å–∫–∞–∑—ã–≤–∞—Ç—å –∏—Å—Ç–æ—Ä–∏–∏. –í —Ü–µ–Ω—Ç—Ä–µ - –º–∞–≥–∏—á–µ—Å–∫–∏–π –∫–∞–º–µ–Ω—å, –∏—Å—Ç–æ—á–∞—é—â–∏–π —Ç—ë–ø–ª—ã–π –∏ –º—è–≥–∫–∏–π —Å–≤–µ—Ç. –ö—Ç–æ-—Ç–æ –∏–≥—Ä–∞–µ—Ç –Ω–∞ –≤–∞—Ä–≥–∞–Ω–µ, —Å –¥—Ä—É–≥–æ–≥–æ –∫–æ–Ω—Ü–∞ –ø–æ–¥—Ö–≤–∞—Ç—ã–≤–∞–µ—Ç —à—É–º –¥–æ–∂–¥—è –∏–ª–∏ –≥—É–ª–∫–∏–π —Ö–∞–Ω–≥. –í–æ–∫—Ä—É–≥ –º–Ω–æ–∂–µ—Å—Ç–≤–æ –∏–Ω—Å—Ç—Ä—É–º–µ–Ω—Ç–æ–≤ - —Å–∞–¥–∏—Å—å –∏ –≤–∫–ª—é—á–∞–π—Å—è –≤ –º—É–∑—ã–∫–∞–ª—å–Ω—ã–π –ø–æ—Ç–æ–∫! –ê –º–æ–∂–µ—à—å —Å–ª–µ–ø–∏—Ç—å —Å–≤–æ–∏ —á—É–≤—Å—Ç–≤–∞ –∏–∑ —Ç—ë–ø–ª–æ–≥–æ –≤–æ—Å–∫–∞, –Ω–∞—Ä–∏—Å–æ–≤–∞—Ç—å –∏–ª–∏ –≤—ã–ª–æ–∂–∏—Ç—å –º–∞–Ω–¥–∞–ª—É –∏–∑ –ª–∏—Å—Ç–æ—á–∫–æ–≤, –∫–æ—Ä—ã –∏ —Ä–∞–∫—É—à–µ–∫. –ù–∞—à–µ —Ç–∏–ø–∏ - –ø—Ä–æ—Å—Ç—Ä–∞–Ω—Å—Ç–≤–æ, –≥–¥–µ –≤ —Ç–∏—Ö–∏—Ö –±–µ—Å–µ–¥–∞—Ö –∏ –±–µ—à–µ–Ω—ã—Ö –ø–ª—è—Å–∫–∞—Ö –º—ã –±—É–¥–µ–º —Å–æ–∑–µ—Ä—Ü–∞—Ç—å —Å–≤–æ–∏ —á—É–≤—Å—Ç–≤–∞ –∏ –≤—ã—Ä–∞–∂–∞—Ç—å –∏—Ö –≤ –∑–≤—É–∫–∞—Ö, –æ–±—Ä–∞–∑–∞—Ö –∏ —Ç–æ–Ω–∫–∏—Ö –∞—Å—Å–æ—Ü–∏–∞—Ü–∏—è—Ö. –î–ª—è –Ω–∞—à–∏—Ö –≥–æ—Å—Ç–µ–π –º—ã —Å—Ç–∞–Ω–µ–º –ø—Ä–æ–≤–æ–¥–Ω–∏–∫–∞–º–∏ –≤ –º–∏—Ä –∏–Ω–¥–µ–π—Å–∫–∏—Ö —Å–∫–∞–∑–æ–∫ –∏ –ø—Ä–∏—Ä–æ–¥–Ω–æ–π –∏—Å–∫—Ä–µ–Ω–Ω–æ—Å—Ç–∏. –ñ–¥—ë–º –≤–∞—Å!

–ô–æ—Ö—Ö—É—É—É!!","–†–∞—Å–ø–∏—Å–∞–Ω–∏–µ

13.07:
20:00 - –†–∏—Ç—É–∞–ª –æ—Ç–∫—Ä—ã—Ç–∏—è –ò–Ω–¥–µ–π—Å–∫–æ–≥–æ –ª–µ—Ç–∞

14.07:
16:00 - –†–∏—Ç—É–∞–ª –∑–∞–±–æ—Ç—ã –æ —Ä—É—á–∫–∞—Ö –ø–æ—Å–ª–µ –º–æ–Ω—Ç–∞–∂–∞
18:00 - –°–æ–∑–¥–∞–Ω–∏–µ –ø—Ä–∏—Ä–æ–¥–Ω—ã—Ö –º–∞–Ω–¥–∞–ª –∏ –∏–Ω–¥–µ–π—Å–∫–∏—Ö —É–∫—Ä–∞—à–µ–Ω–∏–π
21:00 - –î–∏–∫–∏–π –¥–∂–µ–º –Ω–∞ —ç—Ç–Ω–∏—á–µ—Å–∫–∏—Ö –∏–Ω—Å—Ç—Ä—É–º–µ–Ω—Ç–∞—Ö - –±–µ—Å–∏–º—Å—è –∏ –æ—Ç—Ä—ã–≤–∞–µ–º—Å—è
–ü–æ—Å–ª–µ 22:30 - –ß–∏–ª–ª –∏ –±–æ–ª—Ç–æ–≤–Ω—è –ø–æ–¥ —ç–∫–∑–æ—Ç–∏—á–µ—Å–∫–∏–µ –Ω–∞–ø–∏—Ç–∫–∏

15.07:
19:00 - –ü—Ä–∞–∫—Ç–∏–∫–∞ ¬´–ò–Ω–¥–µ–π—Å–∫–∏–µ –∏–º–µ–Ω–∞¬ª - –ù–∞–∑–æ–≤–µ–º –∫—Ä–∞—Å–∏–≤–æ —Å–≤–æ–∏ —Ç–∞–ª–∞–Ω—Ç—ã, —Ñ–∏—à–∫–∏ –∏ –ø—Ä–∏–∫–æ–ª—ã, –¥–æ–±–∞–≤–∏–º –∏–º —ç–ø–∏—á–Ω–æ—Å—Ç–∏
–ü–æ—Å–ª–µ —Å–æ–∂–∂–µ–Ω–∏—è (–æ—Ä–∏–µ–Ω—Ç–∏—Ä–æ–≤–æ—á–Ω–æ 23:00) - –°–≤–æ–±–æ–¥–Ω—ã–π –¥–∂–µ–º –Ω–∞ —ç—Ç–Ω–∏—á–µ—Å–∫–∏—Ö –∏–Ω—Å—Ç—Ä—É–º–µ–Ω—Ç–∞—Ö –∏ –≤—Å—Ç—Ä–µ—á–∞ –Ω–æ–≤–æ–≥–æ –¥–Ω—è
00:00 - –ò–Ω–¥–µ–π—Å–∫–∏–µ —Å–∫–∞–∑–∫–∏ –∏ —Ç–∞–∏–Ω—Å—Ç–≤–µ–Ω–Ω—ã–µ —É–≥–æ—â–µ–Ω–∏—è –≤ –Ω–∞–≥—Ä–∞–¥—É –∑–∞ —Ä–∞—Å—Å–∫–∞–∑–∞–Ω–Ω—ã–µ –∏—Å—Ç–æ—Ä–∏–∏

16:07:
–í –ø–µ—Ä–≤–æ–π –ø–æ–ª–æ–≤–∏–Ω–µ –¥–Ω—è - –ß–∏–ª–ª",
–ö–û–¶–ò–ö–ò tattoo point,@chill_chilitattoo,@Zoia_Raido,@Anaseal,–î–∞,"TATTO POINT ¬´–ö–û–¶–ò–ö–ò¬ª
–ù–µ –±–æ–∏—à—å—Å—è –∏–≥–æ–ª–æ–∫, –∞–¥–µ–ø—Ç —á–µ—Ä–Ω–∏–ª –ø–æ–¥ –∫–æ–∂–µ–π, —Ö–æ—á–µ—à—å —Å—Ç–∞—Ç—å —Ö–æ–ª—Å—Ç–æ–º –¥–ª—è —Ö—É–¥–æ–∂–Ω–∏–∫–∞?
–ú—ã, –º–∞—Å—Ç–µ—Ä–∞ –ª–∏–Ω–∏–∏, —Å–æ–±—Ä–∞–ª–∏—Å—å –≤–º–µ—Å—Ç–µ, —á—Ç–æ–±—ã –¥–∞—Ä–∏—Ç—å —Ç–µ–±–µ —Å–≤–æ–∏ —Å–æ–∫—Ä–æ–≤–µ–Ω–Ω—ã–µ –º—ã—Å–ª–∏, –æ—Ñ–æ—Ä–º–ª–µ–Ω–Ω—ã–µ –≤ —ç—Å–∫–∏–∑—ã, –∫–æ—Ç–æ—Ä—ã–µ —Å—Ç–∞–Ω—É—Ç —á–∞—Å—Ç—å—é —Ç–µ–±—è.
–ù–µ–æ–Ω –∑–∞—Ç—É—Ö–Ω–µ—Ç. –ú—É–∑—ã–∫–∞ —Å—Ç–∏—Ö–Ω–µ—Ç.
–ù–æ —ç—Ç–æ—Ç —Å–ª–µ–¥ –æ—Å—Ç–∞–Ω–µ—Ç—Å—è —Å —Ç–æ–±–æ–π.
–ù–∞–≤—Å–µ–≥–¥–∞.
–ò–ª–∏ —Ö–æ—Ç—è –±—ã –Ω–∞ –ø–∞—Ä—É –∂–∏–∑–Ω–µ–π. 
–ò–≥–ª—ã –∑–∞—Ç–æ—á–µ–Ω—ã.
–¢—ã –≥–æ—Ç–æ–≤?","–ê–∫—Ç–∏–≤–Ω–æ–µ –≤—Ä–µ–º—è: 12:00 - 21:00
–ö–û–¶–ò–ö–ò - —ç—Ç–æ –¥–Ω–µ–≤–Ω–∞—è/–≤–µ—á–µ—Ä–Ω—è—è –ª–æ–∫–∞—Ü–∏—è. –ú–∞—Å—Ç–µ—Ä–∞ –±—É–¥—É—Ç —Ä–∞–¥—ã –ø—Ä–∏–Ω—è—Ç—å –≤–∞—Å —Å 12 —á–∞—Å–æ–≤ –¥–Ω—è –¥–æ 21 —á–∞—Å–∞ –≤–µ—á–µ—Ä–∞. –ü–æ–æ—á–µ—Ä–µ–¥–Ω–æ –±—É–¥—É—Ç —Ä–∞–±–æ—Ç–∞—Ç—å —Ä–∞–∑–Ω—ã–µ —Ö—É–¥–æ–∂–Ω–∏–∫–∏, –∫–∞–∂–¥—ã–π –≤ —Å–≤–æ–µ–º –æ—Å–æ–±–æ–º –∞–≤—Ç–æ—Ä—Å–∫–æ–º —Å—Ç–∏–ª–µ. –¢–∞–∫ –∂–µ –Ω–∞ –ª–æ–∫–∞—Ü–∏–∏ –∑–∞–ø–ª–∞–Ω–∏—Ä–æ–≤–∞–Ω—ã —Ç–∏—Ö–∏–µ —Ç–≤–æ—Ä—á–µ—Å–∫–∏–µ –∞–∫—Ç–∏–≤–Ω–æ—Å—Ç–∏ –¥–ª—è –Ω–µ–±–æ–ª—å—à–æ–π –∫–æ–º–ø–∞–Ω–∏–∏ –≥–æ—Å—Ç–µ–π.",
–®–∞–º–ø–∞–Ω–µ—Ä–∏—è,@nebu_chan,@goreloek,@Kuturyanchik,–î–∞,"–û–ø–∏—Å–∞–Ω–∏–µ - –ø—É–∑—ã—Ä–∏–∫–∏, –º—É–∑—ã–∫–∞, —Ä–∞—Å—Å–≤–µ—Ç, –Ω–µ—Ç–æ—Ä–æ–ø–ª–∏–≤—ã–µ —Ä–∞–∑–≥–æ–≤–æ—Ä—ã
–°–µ—Ç–∫–∞ –∞–∫—Ç–∏–≤–Ω–æ—Å—Ç–µ–π - –≤–æ—Ç —ç—Ç–æ –≤—Å—ë —Å 04:20 –∏ –ø–æ–∫–∞ –ª—å—ë—Ç—Å—è –ø—Ä–æ—Å–µ–∫–∫–æ",–ö–∞–∂–¥—É—é –Ω–æ—á—å —Å 4:20,
Slavik Hugs,@julsy_ju ,@daphnezaytseva,@evhandel,–î–∞,"Slavic Hugs Camp 

–ú–Ω–æ–≥–∏–µ –∏–∑ –Ω–∞—Å —Å–µ–π—á–∞—Å –¥–∞–ª–µ–∫–æ –æ—Ç –¥–æ–º–∞ ‚Äî –ø–æ —Ä–∞–∑–Ω—ã–º –ø—Ä–∏—á–∏–Ω–∞–º –∏ —Å —Ä–∞–∑–Ω—ã–º–∏ —á—É–≤—Å—Ç–≤–∞–º–∏.
–ù–æ —Å –∫–∞–∂–¥—ã–º –¥–Ω—ë–º —Å—Ç–∞–Ω–æ–≤–∏—Ç—Å—è –≤—Å—ë —è—Å–Ω–µ–µ: –¥–æ–º ‚Äî —ç—Ç–æ –Ω–µ —Å—Ç—Ä–∞–Ω–∞, –Ω–µ –∫–≤–∞—Ä—Ç–∏—Ä–∞, –Ω–µ –≥–µ–æ–≥—Ä–∞—Ñ–∏—è. –î–æ–º ‚Äî —ç—Ç–æ —Å–æ—Å—Ç–æ—è–Ω–∏–µ.

–≠—Ç–æ –∫–æ–≥–¥–∞ —Ç–µ–±—è –ø–æ–Ω–∏–º–∞—é—Ç –±–µ–∑ —Å–ª–æ–≤.
–ö–æ–≥–¥–∞ –º–æ–∂–Ω–æ –≤—ã–¥–æ—Ö–Ω—É—Ç—å.
–ö–æ–≥–¥–∞ —Ç–µ–±—è –æ–±–Ω–∏–º–∞—é—Ç –Ω–µ –ø–æ—Ç–æ–º—É —á—Ç–æ –Ω–∞–¥–æ ‚Äî –∞ –ø–æ—Ç–æ–º—É —á—Ç–æ —Ö–æ—á–µ—Ç—Å—è.

Slavic Hugs Camp ‚Äî —ç—Ç–æ —Ç–∏—Ö–æ–µ, –±–µ–∑–æ–ø–∞—Å–Ω–æ–µ –ø—Ä–æ—Å—Ç—Ä–∞–Ω—Å—Ç–≤–æ, –≥–¥–µ –º–æ–∂–Ω–æ —Ä–∞—Å–ø–∞–∫–æ–≤–∞—Ç—å –¥—É—à—É, –Ω–µ –Ω–∞—Ç—è–≥–∏–≤–∞—è —É–ª—ã–±–∫—É –∏ –Ω–µ –∏–≥—Ä–∞—Ç—å —Ä–æ–ª–∏.
–ú—ã –ø—Ä–æ—Å—Ç–æ –ø–æ–Ω–∏–º–∞–µ–º.
–ü–æ—Ç–æ–º—É —á—Ç–æ —Å–∞–º–∏ —Ç–∞–∫–∏–µ.
–ü–æ—Ç–æ–º—É —á—Ç–æ —ç—Ç–æ –ø—Ä–æ –Ω–∞—Å.

‚ú® –ü–æ–∏—Å–∫ ""—Ü–≤–µ—Ç–∫–∞ –ø–∞–ø–æ—Ä–æ—Ç–Ω–∏–∫–∞""
–ù–æ—á—å—é —Å—Ä–µ–¥–∏ –∫—É—Å—Ç–æ–≤ –ø—Ä—è—á—É—Ç—Å—è –º–∞–ª–µ–Ω—å–∫–∏–µ —Å–≤–µ—Ç—è—â–∏–µ—Å—è —Å–∏–º–≤–æ–ª—ã.
–ò—â–∏ —Å–≤–æ–π —Ü–≤–µ—Ç–æ–∫ ‚Äî –∏ –ø—Ä–∏–Ω–æ—Å–∏ –µ–≥–æ –≤ –ª–∞–≥–µ—Ä—å –∫–∞–∫ –∑–Ω–∞–∫ –∂–µ–ª–∞–Ω–∏—è.
–ù–µ–º–Ω–æ–≥–æ –≤–æ–ª—à–µ–±—Å—Ç–≤–∞, –∫–æ—Ç–æ—Ä–æ–µ —Ç—ã —Å–æ–∑–¥–∞—ë—à—å —Å–∞–º.

üåø –í–µ–Ω–∫–∏ –∏ –∫—É–∫–ª—ã –∏–∑ —Å–µ–Ω–∞
–¢–≤–æ—Ä—á–µ—Å–∫–æ–µ –ø—Ä–æ—Å—Ç—Ä–∞–Ω—Å—Ç–≤–æ.
–ü–ª–µ—Ç—ë–º –≤–µ–Ω–∫–∏ –∏ –¥–µ–ª–∞–µ–º –∫—É–∫–æ–ª –∏–∑ —Ç—Ä—è–ø–æ—á–µ–∫, —Å–µ–Ω–∞ –∏ –±–µ—á—ë–≤–∫–∏.
–¢–µ–ø–ª–æ —Ä—É–∫, –Ω–µ–º–Ω–æ–≥–æ —Ç–∏—à–∏–Ω—ã ‚Äî –∏ —á—Ç–æ-—Ç–æ –∂–∏–≤–æ–µ —Ä–æ–∂–¥–∞–µ—Ç—Å—è –ø—Ä—è–º–æ —É —Ç–µ–±—è –≤ –ª–∞–¥–æ–Ω—è—Ö.

ü•û –ë–ª–∏–Ω—ã —Å –≤–∞—Ä–µ–Ω—å–µ–º
–ë–ª–∏–Ω—ã –ø–æ —Ä–∞—Å–ø–∏—Å–∞–Ω–∏—é, —Å –≤–∞—Ä–µ–Ω—å–µ–º –∏ –¥—É—à–µ–≤–Ω–æ—Å—Ç—å—é.
–¢—Ä–∞–¥–∏—Ü–∏—è, –∫–æ—Ç–æ—Ä–∞—è –¥–µ–ª–∞–µ—Ç –Ω–∞—Å –±–ª–∏–∂–µ –∏ —Å–æ–∑–¥–∞—ë—Ç –æ—â—É—â–µ–Ω–∏–µ –Ω–∞—Å—Ç–æ—è—â–µ–≥–æ –¥–æ–º–∞.

üîî –ñ–º—É—Ä–∫–∏ —Å –∫–æ–ª–æ–∫–æ–ª—å—á–∏–∫–∞–º–∏
–í–µ—Å—ë–ª–∞—è –∏–≥—Ä–∞: —Å –∑–∞–≤—è–∑–∞–Ω–Ω—ã–º–∏ –≥–ª–∞–∑–∞–º–∏ –Ω—É–∂–Ω–æ –Ω–∞–π—Ç–∏ ‚Äú–∑–≤–æ–Ω–∫–∏–π‚Äù –∏—Å—Ç–æ—á–Ω–∏–∫.
–≠—Ç–æ –¥–≤–∏–∂–µ–Ω–∏–µ, –≤–µ—Å–µ–ª—å–µ –∏ —Ç–µ–ª–µ—Å–Ω—ã–π –∫–æ–Ω—Ç–∞–∫—Ç –±–µ–∑ –¥–∞–≤–ª–µ–Ω–∏—è.

üíû –û–±–Ω–∏–º–∞—à–∫–∏ –∏ —Ö–æ—Ä–æ–≤–æ–¥—ã
–£—é—Ç–Ω–æ–µ –ø—Ä–æ—Å—Ç—Ä–∞–Ω—Å—Ç–≤–æ, –≥–¥–µ –º–æ–∂–Ω–æ –æ–±–Ω—è—Ç—å –ª—é–±–æ–≥–æ –∂–µ–ª–∞—é—â–µ–≥–æ.
–•–æ—Ä–æ–≤–æ–¥—ã –ø–æ–¥ –º—É–∑—ã–∫—É ‚Äî —á—Ç–æ–±—ã –ø–æ—á—É–≤—Å—Ç–≤–æ–≤–∞—Ç—å –µ–¥–∏–Ω—Å—Ç–≤–æ.

üçé –ë–ª—é–¥–µ—á–∫–æ —Å —è–±–ª–æ—á–∫–∞–º–∏
–¢–∞—Ä–µ–ª–∫–∞ —Å –±—É–º–∞–∂–Ω—ã–º–∏ —è–±–ª–æ—á–∫–∞–º–∏ ‚Äî –≤–Ω—É—Ç—Ä–∏ —Ç—ë–ø–ª—ã–µ –ø–æ–∂–µ–ª–∞–Ω–∏—è –∏ –ø—Ä–µ–¥—Å–∫–∞–∑–∞–Ω–∏—è.
–í—ã–±–∏—Ä–∞–µ—à—å –æ–¥–Ω–æ ‚Äî –∏ –ø–æ–ª—É—á–∞–µ—à—å –∑–Ω–∞–∫.

üçµ –ß–∞–π–Ω–∞—è ‚Äú–ø–æ –Ω–∞—Å—Ç—Ä–æ–µ–Ω–∏—é‚Äù
–ß–∞–π –∫–∞–∫ —Ä–∏—Ç—É–∞–ª –∑–∞–±–æ—Ç—ã.
–õ–∏–ø–∞, –º—è—Ç–∞, —á–∞–±—Ä–µ—Ü ‚Äî —Ç—Ä–∞–≤—ã –ø–æ–¥–±–∏—Ä–∞—é—Ç—Å—è ‚Äú–ø–æ –¥—É—à–µ‚Äù –∏ –ø–æ–¥–∞—é—Ç—Å—è —Å –≤–∞—Ä–µ–Ω—å–µ–º, –±–∞—Ä–∞–Ω–∫–∞–º–∏ –∏ —Ç—ë–ø–ª—ã–º –≤–∑–≥–ª—è–¥–æ–º.

üì¨ –ü–∏—Å—å–º–∞ —Å–µ–±–µ ‚Äú–Ω–∞ –ø–æ—Ç–æ–º‚Äù
–ó–æ–Ω–∞, –≥–¥–µ –º–æ–∂–Ω–æ –Ω–∞–ø–∏—Å–∞—Ç—å –ø–∏—Å—å–º–æ —Å–µ–±–µ –≤ –±—É–¥—É—â–µ–µ.
–ß–µ—Ä–µ–∑ 3 –º–µ—Å—è—Ü–∞ –º—ã –æ—Ç–ø—Ä–∞–≤–∏–º –µ–≥–æ –æ–±—Ä–∞—Ç–Ω–æ ‚Äî –∫–∞–∫ –Ω–∞–ø–æ–º–∏–Ω–∞–Ω–∏–µ –æ —Ç–æ–º, –∫–µ–º —Ç—ã –±—ã–ª(–∞) –∏ —á—Ç–æ —á—É–≤—Å—Ç–≤–æ–≤–∞–ª(–∞) –∑–¥–µ—Å—å.

üé≤ –ù–∞—Å—Ç–æ–ª–∫–∏ –∏ —Å–∫–∞–∑–∫–∏
UNO, ""–¥—É—Ä–∞–∫"", —Å–∫–∞–∑–∫–∏ –Ω–∞ –Ω–æ—á—å –∏ –∞—É–¥–∏–æ—Å–∫–∞–∑–∫–∏ ‚Äî –¥–ª—è —Ç–µ—Ö, –∫—Ç–æ —Ö–æ—á–µ—Ç –ø–æ—á—É–≤—Å—Ç–≤–æ–≤–∞—Ç—å —Å–µ–±—è –≤ –¥–µ—Ç—Å—Ç–≤–µ.
–ü—Ä–æ—Å—Ç–æ, —Ç–∏—Ö–æ –∏ –ø–æ-–Ω–∞—Å—Ç–æ—è—â–µ–º—É.

–ë–ª–∏–Ω—ã —Å –≤–∞—Ä–µ–Ω—å–µ–º
–ú—ã –ø–µ—á—ë–º –±–ª–∏–Ω—ã –ø–æ —Ä–∞—Å–ø–∏—Å–∞–Ω–∏—é –∏ —É–≥–æ—â–∞–µ–º –≥–æ—Å—Ç–µ–π.
–î–ª—è —Å–æ–∑–¥–∞–Ω–∏—è —É—é—Ç–∞ –∏ –æ—â—É—â–µ–Ω–∏—è –Ω–∞—Å—Ç–æ—è—â–µ–≥–æ –¥–æ–º–∞.","–ë–ª–∏–Ω—ã
ü•û –ö–∞–∂–¥—ã–π –¥–µ–Ω—å
üïô 10:00 ‚Äì 12:00

–ö—É–∫–ª—ã –∏–∑ —Å–µ–Ω–∞ –∏ –≤–µ–Ω–∫–∏
üåæ
 ‚Ä¢ –î–µ–Ω—å 1 ‚Äî –ø–ª–µ—Ç—ë–º –≤–µ–Ω–∫–∏
 ‚Ä¢ –î–µ–Ω—å 2 –∏ 3 ‚Äî –¥–µ–ª–∞–µ–º –∫—É–∫–æ–ª
üïê 13:00 ‚Äì 15:00

–ö–∞—Ä—Ç—ã –∏ –Ω–∞—Å—Ç–æ–ª—å–Ω—ã–µ –∏–≥—Ä—ã
üé≤ –ö–∞–∂–¥—ã–π –¥–µ–Ω—å
üïí –ò–≥—Ä–∞–µ–º, –ø–æ–∫–∞ –µ—Å—Ç—å –º–µ—Å—Ç–∞

–•–æ—Ä–æ–≤–æ–¥—ã –∏ —á–∞—Å—Ç—É—à–∫–∏
üé∂ –ö–∞–∂–¥—ã–π –¥–µ–Ω—å
üïï 18:00 ‚Äì 19:00

–ñ–º—É—Ä–∫–∏
üôà –ö–∞–∂–¥—ã–π –¥–µ–Ω—å
üïò 21:00 ‚Äì 22:30

–ò—â–∏—Ç–µ —Ü–≤–µ—Ç–∫–∏ –ø–∞–ø–æ—Ä–æ—Ç–Ω–∏–∫–∞
‚ú® –í–µ—á–µ—Ä–æ–º ‚Äî –±—É–¥—É—Ç —Å–ø—Ä—è—Ç–∞–Ω—ã —Å–≤–µ—Ç—è—â–∏–µ—Å—è —Ü–≤–µ—Ç–æ—á–∫–∏

–ü–∏—Å—å–º–æ —Å–µ–±–µ
üíå –ö–∞–∂–¥—ã–π –¥–µ–Ω—å –≤ –ª—é–±–æ–µ –≤—Ä–µ–º—è",
Q.E.D.,@mioulin,@mp3,@mioulin,–î–∞,"–ê–∫–∞–¥–µ–º–∏—è Q.E.D
–ê–∫–∞–¥–µ–º–∏—è Q.E.D.
- —ç—Ç–æ –Ω–∞—É—á–Ω–æ-–æ–±—Ä–∞–∑–æ–≤–∞—Ç–µ–ª—å–Ω–æ–µ –ø—Ä–æ—Å—Ç—Ä–∞–Ω—Å—Ç–≤–æ –∏—Å—Å–ª–µ–¥—É—é—â–µ–µ
—á–µ–ª–æ–≤–µ—á–µ—Å–∫–æ–µ —Å–æ–∑–Ω–∞–Ω–∏–µ.
–ú—ã - –Ω–µ–±–æ–ª—å—à–∞—è –∫–æ–º–∞–Ω–¥–∞ —É—á–µ–Ω—ã—Ö —Å –æ–ø—ã—Ç–æ–º –≤ —Ñ–∏–∑–∏–∫–µ, –≤—ã—á–∏—Å–ª–∏—Ç–µ–ª—å–Ω–æ–π –Ω–µ–π—Ä–æ–Ω–∞—É–∫–µ,
–∫–æ–º–ø—å—é—Ç–µ—Ä–Ω–æ–º –∑—Ä–µ–Ω–∏–∏ –∏ —Ç–µ–æ—Ä–∏–∏ –∏–≥—Ä. –ù–∞—à–∞ –º–∏—Å—Å–∏—è –Ω–µ –ø—Ä–æ—Å—Ç–æ –¥–µ–ª–∏—Ç—å—Å—è –∑–Ω–∞–Ω–∏—è–º–∏, –Ω–æ –∏
—Å–æ–∑–¥–∞–≤–∞—Ç—å –∂–∏–≤—ã–µ, –≤–æ–≤–ª–µ–∫–∞—é—â–∏–µ —Ñ–æ—Ä–º–∞—Ç—ã –¥–ª—è –∏–∑—É—á–µ–Ω–∏—è —Ä–∞–±–æ—Ç—ã –º–æ–∑–≥–∞.
–ú—ã –ø—Ä–µ–¥–ª–∞–≥–∞–µ–º –Ω–∞—Å—ã—â–µ–Ω–Ω—É—é –ø—Ä–æ–≥—Ä–∞–º–º—É –ª–µ–∫—Ü–∏–π, –¥–∏—Å–∫—É—Å—Å–∏–π, –ø–µ—Ä—Ñ–æ—Ä–º–∞—Ç–∏–≤–Ω—ã—Ö –Ω–∞—É—á–Ω—ã—Ö
–¥–µ–º–æ–Ω—Å—Ç—Ä–∞—Ü–∏–π, –∏—Å—Å–ª–µ–¥–æ–≤–∞—Ç–µ–ª—å—Å–∫–∏—Ö –∏–≥—Ä –∏ –¥—ã—Ö–∞—Ç–µ–ª—å–Ω—ã—Ö –ø—Ä–∞–∫—Ç–∏–∫. –í—Å–µ –∞–∫—Ç–∏–≤–Ω–æ—Å—Ç–∏
–≤—ã—Å—Ç—Ä–æ–µ–Ω—ã –≤–æ–∫—Ä—É–≥ –ø—Ä–∏–Ω—Ü–∏–ø–æ–≤ –±–µ–∑–æ–ø–∞—Å–Ω–æ—Å—Ç–∏, –Ω–∞—É—á–Ω–æ–π –¥–æ–±—Ä–æ—Å–æ–≤–µ—Å—Ç–Ω–æ—Å—Ç–∏ –∏ —ç—Ç–∏–∫–∏.
–ê–∫–∞–¥–µ–º–∏—è Q.E.D - —ç—Ç–æ –º–µ—Å—Ç–æ, –≥–¥–µ —Ä–æ–∂–¥–∞—é—Ç—Å—è –Ω–æ–≤—ã–µ –∑–Ω–∞–Ω–∏—è –∏ –∏–Ω—Å–∞–π—Ç—ã.","–î–µ–Ω—å 1: 
18:00 ‚Äì 18:30 - –ó–Ω–∞–∫–æ–º—Å—Ç–≤–æ –∏ –ø—Ä–µ–∑–µ–Ω—Ç–∞—Ü–∏—è –∫–µ–º–ø–∞: –∫–æ–Ω—Ü–µ–ø—Ü–∏—è, —É—á–∞—Å—Ç–Ω–∏–∫–∏, —Ü–µ–ª–∏
18:30 ‚Äì 19:45 ‚Äì –õ–µ–∫—Ü–∏—è –ù–µ–π—Ä–æ–±–∏–æ–ª–æ–≥–∏—è –ø—Å–∏—Ö–æ–¥–µ–ª–∏–∫–æ–≤. –ö–∞–∫ —Ä–∞–±–æ—Ç–∞—é—Ç –ø—Å–∏—Ö–æ–¥–µ–ª–∏–∫–∏ –Ω–∞ —É—Ä–æ–≤–Ω–µ –º–æ–∑–≥–∞: —Ä–µ—Ü–µ–ø—Ç–æ—Ä—ã, —Å–µ—Ç–∏, —Å–æ–∑–Ω–∞–Ω–∏–µ. –ü—Ä–æ—Å—Ç—ã–º 
—è–∑—ã–∫–æ–º –æ —Å–ª–æ–∂–Ω–æ–º. 
19:45 ‚Äì 20:30 ‚Äì –õ–µ–∫—Ü–∏—è –ü—Å–∏—Ö–æ–¥–µ–ª–∏—á–µ—Å–∫–∞—è —Ç–µ—Ä–∞–ø–∏—è. –ß—Ç–æ —ç—Ç–æ –≤–æ–æ–±—â–µ —Ç–∞–∫–æ–µ? –ò—Å—Ç–æ—Ä–∏—è, —Ç–µ–æ—Ä–∏—è, –ø—Ä–∞–∫—Ç–∏–∫–∞
20:30 ‚Äì 21:00 - –ü–∞–Ω–µ–ª—å–Ω–∞—è –¥–∏—Å–∫—É—Å—Å–∏—è —Å —ç–∫—Å–ø–µ—Ä—Ç–∞–º–∏. –û–±—Å—É–∂–¥–∞–µ–º –ø—Å–∏—Ö–æ–∞–∫—Ç–∏–≤–Ω—ã–µ –≤–µ—â–µ—Å—Ç–≤–∞ 
21:00 ‚Äì 21:30 - –ü—Ä–æ—Å–º–æ—Ç—Ä –∞–≤—Ç–æ—Ä—Å–∫–æ–≥–æ –º–∏–Ω–∏-—Ñ–∏–ª—å–º–∞ ¬´BrainWalk¬ª (10 –º–∏–Ω), –§–∏–ª—å–º –¥–µ–º–æ–Ω—Å—Ç—Ä–∏—Ä—É–µ—Ç –∫–ª—é—á–µ–≤—ã–µ –∏–¥–µ–∏ —Å–æ–≤—Ä–µ–º–µ–Ω–Ω–æ–π –Ω–µ–π—Ä–æ–Ω–∞—É–∫–∏

–î–µ–Ω—å 2:
15:30 ‚Äì 16:00 - –ò–Ω—Å—Ç—Ä—É–∫—Ç–∞–∂ –ø–æ —Ä–∞–±–æ—Ç–µ —Å EXP2BRAIN. –ò–Ω—Ç–µ—Ä–∞–∫—Ç–∏–≤–Ω—ã–π –Ω–∞—É—á–Ω–æ-—Ö—É–¥–æ–∂–µ—Å—Ç–≤–µ–Ω–Ω—ã–π –ø—Ä–æ–µ–∫—Ç, –≤ –∫–æ—Ç–æ—Ä–æ–º –º—ã –≤–æ—Å—Å–æ–∑–¥–∞–µ—Ç –∞–∫—Ç–∏–≤–Ω–æ—Å—Ç—å –º–æ–∑–≥–∞ 
–Ω–∞ –æ—Å–Ω–æ–≤–µ —Å—É–±—ä–µ–∫—Ç–∏–≤–Ω–æ–≥–æ –æ–ø—ã—Ç–∞.
16:00 ‚Äì 17:00 - –î–µ–º–æ–Ω—Å—Ç—Ä–∞—Ü–∏—è –∞–≤—Ç–æ—Ä—Å–∫–æ–π –∏–≥—Ä—ã ¬´5HT2A¬ª. –ò–Ω—Ç–µ—Ä–∞–∫—Ç–∏–≤–Ω–æ–µ –∏—Å—Å–ª–µ–¥–æ–≤–∞–Ω–∏–µ –≤–æ—Å–ø—Ä–∏—è—Ç–∏—è –∏ –≤–∑–∞–∏–º–æ–¥–µ–π—Å—Ç–≤–∏—è —Å –ø—Å–∏—Ö–æ–¥–µ–ª–∏—á–µ—Å–∫–∏–º 
–æ–ø—ã—Ç–æ–º.
17:00 ‚Äì 18:00 - –õ–µ–∫—Ü–∏—è:¬´–ë–µ–∑–æ–ø–∞—Å–Ω–∞—è –≤–µ—á–µ—Ä–∏–Ω–∫–∞: –∫–∞–∫ —Å–Ω–∏–∑–∏—Ç—å —Ä–∏—Å–∫–∏¬ª. –û —Å–æ–∑–Ω–∞—Ç–µ–ª—å–Ω–æ–º —É–ø–æ—Ç—Ä–µ–±–ª–µ–Ω–∏–∏ –≤–µ—â–µ—Å—Ç–≤ –Ω–∞ —Ñ–µ—Å—Ç–∏–≤–∞–ª—è—Ö: –≤–∑–∞–∏–º–æ–¥–µ–π—Å—Ç–≤–∏—è, –ø—Ä–æ—Ç–∏–≤–æ–ø–æ–∫–∞–∑–∞–Ω–∏—è, care-—Å—Ü–µ–Ω–∞—Ä–∏–∏.
19:45 ‚Äì 20:30 - –ü–∞–Ω–µ–ª—å–Ω–∞—è –¥–∏—Å–∫—É—Å—Å–∏—è —Å —ç–∫—Å–ø–µ—Ä—Ç–∞–º–∏.  –ß–∞—Å—Ç—å 1: –†–∞–∑–±–æ—Ä —Ä–µ–∞–ª—å–Ω—ã—Ö –∫–µ–π—Å–æ–≤ –ø–æ —Å–æ—á–µ—Ç–∞–Ω–∏—é –≤–µ—â–µ—Å—Ç–≤ . –ß–∞—Å—Ç—å 2: –í–ª–∏—è–Ω–∏–µ –ø—Å–∏—Ö–æ–∞–∫—Ç–∏–≤–Ω—ã—Ö –≤–µ—â–µ—Å—Ç–≤ –Ω–∞ –ø—Å–∏—Ö–æ—Ñ–∞—Ä–º–∞–∫–æ–ª–æ–≥–∏—á–µ—Å–∫–∏–µ –ø—Ä–µ–ø–∞—Ä–∞—Ç—ã 
(–Ω–µ–π—Ä–æ–ª–µ–ø—Ç–∏–∫–∏, –∞–Ω—Ç–∏–¥–µ–ø—Ä–µ—Å—Å–∞–Ω—Ç—ã –∏ –¥—Ä.)
21:00 ‚Äì 00:00 –ü—Ä–∞–∫—Ç–∏—á–µ—Å–∫–∏–π –≤–æ—Ä–∫—à–æ–ø ¬´–•–æ–ª–æ—Ç—Ä–æ–ø–Ω–æ–µ –¥—ã—Ö–∞–Ω–∏–µ¬ª. –ú—è–≥–∫–æ–µ, –Ω–æ –≥–ª—É–±–æ–∫–æ–µ –ø—É—Ç–µ—à–µ—Å—Ç–≤–∏–µ –∫ —Å–µ–±–µ —á–µ—Ä–µ–∑ –¥—ã—Ö–∞–Ω–∏–µ. –ë–µ–∑–æ–ø–∞—Å–Ω—ã–π —Å–ø–æ—Å–æ–± –≤–æ–π—Ç–∏ –≤ –∏–∑–º–µ–Ω—ë–Ω–Ω–æ–µ —Å–æ—Å—Ç–æ—è–Ω–∏–µ. –í–æ–∑—å–º–∏—Ç–µ —Å —Å–æ–±–æ–π –∫–æ–≤—Ä–∏–∫, –ø–ª–µ–¥, –≤–æ–¥—É –∏ –æ—Ç–∫—Ä—ã—Ç–æ—Å—Ç—å –∫ –≤–Ω—É—Ç—Ä–µ–Ω–Ω–µ–º—É –∏—Å—Å–ª–µ–¥–æ–≤–∞–Ω–∏—é (–∫–æ–ª–∏—á–µ—Å—Ç–≤–æ –º–µ—Å—Ç –æ–≥—Ä–∞–Ω–∏—á–µ–Ω–æ).

–î–µ–Ω—å 3
16:30 ‚Äì 17:00 - –ò–Ω—Å—Ç—Ä—É–∫—Ç–∞–∂ –ø–æ —Ä–∞–±–æ—Ç–µ —Å EXP2BRAIN. –ò–Ω—Ç–µ—Ä–∞–∫—Ç–∏–≤–Ω—ã–π –Ω–∞—É—á–Ω–æ-—Ö—É–¥–æ–∂–µ—Å—Ç–≤–µ–Ω–Ω—ã–π –ø—Ä–æ–µ–∫—Ç, –≤ –∫–æ—Ç–æ—Ä–æ–º –º—ã –≤–æ—Å—Å–æ–∑–¥–∞–µ—Ç –∞–∫—Ç–∏–≤–Ω–æ—Å—Ç—å –º–æ–∑–≥–∞ 
–Ω–∞ –æ—Å–Ω–æ–≤–µ —Å—É–±—ä–µ–∫—Ç–∏–≤–Ω–æ–≥–æ –æ–ø—ã—Ç–∞.
17:00 ‚Äì 17:30 –î–µ–º–æ–Ω—Å—Ç—Ä–∞—Ü–∏—è –∞–≤—Ç–æ—Ä—Å–∫–æ–π –∏–≥—Ä—ã ¬´5HT2A¬ª. –ò–Ω—Ç–µ—Ä–∞–∫—Ç–∏–≤–Ω–æ–µ –∏—Å—Å–ª–µ–¥–æ–≤–∞–Ω–∏–µ –≤–æ—Å–ø—Ä–∏—è—Ç–∏—è –∏ –≤–∑–∞–∏–º–æ–¥–µ–π—Å—Ç–≤–∏—è —Å –ø—Å–∏—Ö–æ–¥–µ–ª–∏—á–µ—Å–∫–∏–º 
–æ–ø—ã—Ç–æ–º.
17:30 ‚Äì 18:30 - –ü—Ä–æ—Å–º–æ—Ç—Ä –∞–≤—Ç–æ—Ä—Å–∫–æ–≥–æ –º–∏–Ω–∏-—Ñ–∏–ª—å–º–∞ ¬´BrainWalk¬ª (10 –º–∏–Ω), –§–∏–ª—å–º –¥–µ–º–æ–Ω—Å—Ç—Ä–∏—Ä—É–µ—Ç –∫–ª—é—á–µ–≤—ã–µ –∏–¥–µ–∏ —Å–æ–≤—Ä–µ–º–µ–Ω–Ω–æ–π –Ω–µ–π—Ä–æ–Ω–∞—É–∫–∏
18:30 ‚Äì 19:30 - –õ–µ–∫—Ü–∏—è ¬´–ö–∞–∫ –º–æ–∑–≥ –≤–æ—Å–ø—Ä–∏–Ω–∏–º–∞–µ—Ç –º—É–∑—ã–∫—É?¬ª. –û–±—Å—É–¥–∏–º, –∫–∞–∫ –º—É–∑—ã–∫–∞–ª—å–Ω—ã–µ 
–ø–∞—Ç—Ç–µ—Ä–Ω—ã –≤–æ–∑–¥–µ–π—Å—Ç–≤—É—é—Ç –Ω–∞ —Å–µ—Ç–∏ –º–æ–∑–≥–∞, —ç–º–æ—Ü–∏–∏ –∏ –≤–æ—Å–ø—Ä–∏—è—Ç–∏–µ –≤ –∏–∑–º–µ–Ω—ë–Ω–Ω—ã—Ö —Å–æ—Å—Ç–æ—è–Ω–∏—è—Ö —Å–æ–∑–Ω–∞–Ω–∏—è
19:30 ‚Äì 20:00 - –ü—Ä–∞–∫—Ç–∏—á–µ—Å–∫–∏–µ –º—É–∑—ã–∫–∞–ª—å–Ω—ã–µ —Ç–µ—Å—Ç—ã. –≠–∫—Å–ø–µ—Ä–∏–º–µ–Ω—Ç—ã —Å –º—É–∑—ã–∫–æ–π, –∂–∞–Ω—Ä–∞–º–∏ 
–∏ —ç–º–æ—Ü–∏—è–º–∏. 
",
exit,@Arturmoregorbl,@moregorbl,@Arturmoregorbl,–î–∞,"–ê—Ä—Ç –æ–±—ä–µ–∫—Ç. –ù–∞—Ö–æ–¥–∏—Ç—Å—è –≤ –ª–æ–∫–∞—Ü–∏–∏ —Å —Ç—ç–º–ø–ª.–ø–µ—Ä–µ–¥ –ø–∏—Ä—Å–æ–º –∏–∑ –±–∞–º–±—É–∫–∞.–±—É–¥–µ—Ç –Ω–µ–∫–∏–π —Å–ø–∏—Ä–∞–ª–µ–≤–∏–¥–Ω—ã–π –∫–æ–Ω—Å—Ç—Ä—É–∫—Ç–∏–≤ –ø–æ —Ç–∏–ø—É –ø–æ—Ä—Ç–∞–ª–∞.–∏–Ω—Å—Ç–∞–ª—è—Ü–∏—è —Å —á–µ—Ä–µ–ø–∞–º–∏,—Ü–≤–µ—Ç–∞–º–∏ –∏ –≥–∏—Ä–ª—è–Ω–¥–∞–º–∏.
–ü—Ä–æ–π–¥—è —Å–∫–≤–æ–∑—å —Å–∏–º–≤–æ–ª–∏—á–µ—Å–∫–∏–π –æ–±—ä–µ–∫, –∏–∑ —Å–∏–º–≤–æ–ª–æ–≤ –∂–∏–≤–æ–≥–æ –∏ –º–µ—Ä—Ç–≤–æ–≥–æ, –Ω–∞ –ø–∏—Ä—Å, —á–µ–ª–æ–≤–µ–∫ –º–æ–∂–µ—Ç –ø—Ä–æ—á—É–≤—Å—Ç–≤–æ–≤–∞—Ç—å —Ä–∞–∑–Ω—ã–µ —É—Ä–æ–≤–Ω–∏ –≤–æ—Å–ø—Ä–∏—è—Ç–∏—è —Å–≤–æ–µ–π –∂–∏–∑–Ω–∏ –∏ –∂–∏–∑–Ω–∏ –≤ —Ü–µ–ª–æ–º. –ú–µ—Å—Ç–æ –≥–¥–µ –º–æ–∂–Ω–æ –∑–∞–º–µ–¥–ª–∏—Ç—å—Å—è.
–ê–∫—Ç–∏–≤–Ω–æ—Å—Ç—å - –≤—Å–µ –æ–∫–∞–∑–∞–≤—à–∏–µ—Å—è –≤ —Ç—ç–º–ø–ª, –æ–ø—Ä–µ–¥–µ–ª–µ–Ω–æ –∑–∞–∏–Ω—Ç–µ—Ä–µ—Å—É—é—Ç—Å—è –ø—Ä–æ–π—Ç–∏ —Å–∫–≤–æ–∑—å.–∏ –≤–µ—Ä–Ω—É—Ç—Å—è)",,
–ü–∞—Ä–∞–Ω–µ–Ω–æ—Ä–º–∞–ª—å–Ω—ã–µ,@meilakh,@prosto_prots,@meilakh,–î–∞,"–ó–µ–º–ª—è–Ω—ã! –ú—ã –ø–æ–ø–∞–ª–∏ –Ω–∞ –≤–∞—à—É –ø–ª–∞–Ω–µ—Ç—É –Ω–µ—Å–ª—É—á–∞–π–Ω–æ. –ú—ã –∏—Å—Å–ª–µ–¥—É–µ–º —Ç–µ—Ä—Ä–∏—Ç–æ—Ä–∏—é –í–µ—Ç–µ—Ä–∫–∞ –∏ –Ω–µ–Ω–æ—Ä–º–∞–ª—å–Ω—ã—Ö —á–µ–ª–æ–≤–µ—á–µ—Å–∫–∏—Ö –æ—Å–æ–±–µ–π. –£ –Ω–∞—Å –µ—Å—Ç—å –≤–æ–ø—Ä–æ—Å—ã –∫ –∫–∞–∂–¥–æ–º—É, –º—ã –ø–æ–¥–æ–∑—Ä–µ–≤–∞–µ–º –≤—Å–µ—Ö. –ß—Ç–µ–Ω–∏–µ –º—ã—Å–ª–µ–π, –æ—Ü–µ–Ω–∫–∞ —É—Ä–æ–≤–Ω—è —ç–∫—Ç–æ–ø–ª–∞–∑–º—ã, –æ–±—Ä–µ–∑–∞–Ω–∏–µ –∏–∑–Ω–æ—Å–∏–≤—à–µ–π—Å—è –∞—É—Ä—ã, –∫–æ–ª–ª–µ–∫—Ç–∏–≤–Ω–∞—è –ø–µ—Ä–µ–¥–∞—á–∞ —Å–∏–≥–Ω–∞–ª–æ–≤ –Ω–∞ –Ω–∞—à—É –ø–ª–∞–Ω–µ—Ç—É.       –ú—ã –¥–æ–∫–∞–∂–µ–º –≤—Å–µ–º, —á—Ç–æ –∑–µ–º–ª—è –ø–ª–æ—Å–∫–∞—è –∏ —á—Ç–æ –≤–∞—à–µ–≥–æ –º—ç–Ω–∞ —Å—Ç—Ä–æ–∏–ª–∏ –∏–Ω–æ–ø–ª–∞–Ω–µ—Ç—è–Ω–µ. 

–í –¶–µ–Ω—Ç—Ä–µ –ò–∑—É—á–µ–Ω–∏—è –ß–µ–ª–æ–≤–µ—á–µ—Å—Ç–≤–∞ (–¶–ò–ß) –º—ã –ø—Ä–æ–≤–µ–¥–µ–º —ç–∫—Å–ø–µ—Ä–∏–º–µ–Ω—Ç—ã –∏ –∏—Å—Å–ª–µ–¥–æ–≤–∞–Ω–∏—è –≤—ã–±—Ä–∞–Ω–Ω—ã—Ö –æ—Å–æ–±–µ–π –∑–µ–º–ª—è–Ω.",,
–ü–æ—Å–ª–µ–¥–Ω–∏–π –≤–∞–≥–æ–Ω,@YosefBatman,,,–î–∞,"Mus√©e du Hooyuvre ‚Äî —ç—Ç–æ —Ö—Ä–∞–º —Å—Ç—Ä–∞–Ω–Ω–æ–≥–æ, –≥–¥–µ –∏—Å–∫—É—Å—Å—Ç–≤–æ –∑–∞–¥–∞—ë—Ç –≤–æ–ø—Ä–æ—Å—ã, –Ω–∞ –∫–æ—Ç–æ—Ä—ã–µ –Ω–µ –¥–æ–ª–∂–Ω–æ –±—ã—Ç—å –æ—Ç–≤–µ—Ç–æ–≤. –ì–ª–∞–≤–Ω–æ–µ –ø—Ä–∞–≤–∏–ª–æ Hooyuvre: –µ—Å–ª–∏ —Ç—ã –Ω–µ –ø–æ–Ω—è–ª, –∑–Ω–∞—á–∏—Ç, —Ç—ã –Ω–∞ –ø—Ä–∞–≤–∏–ª—å–Ω–æ–º –ø—É—Ç–∏. –£–ª—ã–±–∫–∞, –Ω–µ–¥–æ—É–º–µ–Ω–∏–µ –∏ –ª—ë–≥–∫–æ–µ —á—É–≤—Å—Ç–≤–æ –≤–Ω—É—Ç—Ä–µ–Ω–Ω–µ–≥–æ –±–µ—Å–ø–æ–∫–æ–π—Å—Ç–≤–∞ ‚Äî –∏–¥–µ–∞–ª—å–Ω–∞—è —Ä–µ–∞–∫—Ü–∏—è –Ω–∞ —ç–∫—Å–ø–æ–Ω–∞—Ç—ã.",–ê—Ä—Ç –æ–±—ä–µ–∫—Ç –¥–æ—Å—Ç—É–ø–µ–Ω –≤—Å–µ–≥–¥–∞,